;1;2;3;4;5;6;7;8;15;16;22;23;25;26;28;29;30;32;33;34;35;44;45;46;47;48;49;55;60;61;62;65;66;67;68;69;70;71;72;75;76;79;82;83;85;86;87;88;89;90;91;92;93;94;95;96;97;98;100;101;102;103;104;105;106;107;108;110;111;112;113;114;115;117;118;119;120;121;122;123;124;125;126;127
4;0.0;19.0;0.0;60.0;0.0;127.0;127.0;254.0;32258.0;127.0;593.7;2.92;203.2;203.2;19.1;0.0;823.4;3.1907;3.1907;420.7;2.1;6.4;2.0;63.3;0.0;101.6;0.4;1.59;39.46;1.0;31.57;0.0;3.39;0.0858;0.3401;0.3401;0.0504;0.77;0.24;87.27;87.27;297.0;324.0;0.0504;51.81;0.2504;0.1309;0.842;378.0;0.363;0.818;166.0;0.798;162.0;0.2714;56.17;94.61;0.92;0.05;12.97;4.34;0.22;0.6;2.6;21.06;0.31;1.02;0.0;1.0;0.0;0.0;0.0;0.0;35.7;41.5;37.5;39.1;26.82;41.06;67.88;134.08;0.506;67.88;1286.0
5;1.0;22.0;0.0;56.0;0.0;127.0;127.0;254.0;32258.0;127.0;578.5;2.92;198.1;198.1;19.1;0.0;1140.1;4.5311;4.5311;420.7;2.1;6.4;2.0;63.3;0.0;99.1;0.39;1.63;95.17;1.0;76.14;0.0;5.11;0.0537;0.2003;0.2003;0.0214;0.77;0.24;102.61;102.61;289.0;0.0;0.0;59.36;0.1251;0.0605;0.619;297.0;0.228;0.886;176.0;0.838;166.0;0.1679;79.66;137.7;0.75;0.02;8.42;6.76;0.14;0.42;0.0;0.0;0.0;0.62;0.0;1.0;0.0;0.0;0.0;0.0;91.4;100.2;96.2;97.8;41.32;41.06;82.39;206.62;0.399;82.39;1245.0
6;2.0;23.0;0.0;57.0;0.0;127.0;127.0;254.0;32258.0;127.0;578.5;2.92;198.1;198.1;19.1;0.0;1140.1;4.5311;4.5311;420.7;2.1;6.4;2.0;63.3;0.0;76.2;0.3;2.12;87.18;1.0;69.74;0.0;4.96;0.0568;0.2187;0.2187;0.0304;0.77;0.24;108.46;108.46;289.0;0.0;0.0;62.74;0.1444;0.0708;0.651;318.0;0.254;0.873;173.0;0.832;165.0;0.182;79.07;136.69;0.79;0.03;10.04;5.65;0.17;0.41;0.0;0.0;0.0;0.68;0.0;1.0;0.0;0.0;0.0;0.0;83.4;91.8;87.8;89.4;39.51;53.38;92.89;197.53;0.47;92.89;1168.0
7;3.0;24.0;0.0;58.0;0.0;127.0;127.0;254.0;32258.0;127.0;578.5;2.92;198.1;198.1;19.1;0.0;1140.1;4.5311;4.5311;420.7;2.1;6.4;2.0;63.3;0.0;63.5;0.25;2.55;99.99;1.0;80.0;0.0;5.2;0.052;0.1906;0.1906;0.0318;0.77;0.24;122.78;122.78;289.0;324.0;0.0318;71.03;0.1425;0.0707;0.6;365.0;0.275;0.862;171.0;0.841;167.0;0.1603;79.93;138.17;0.89;0.03;10.28;5.52;0.18;0.4;2.22;24.22;0.15;0.73;1.0;1.0;1.0;0.0;1.0;0.0;96.2;105.3;101.3;102.9;42.38;64.05;106.44;211.92;0.502;106.44;1154.0
8;4.0;25.0;0.0;59.0;0.0;127.0;127.0;254.0;32258.0;127.0;776.6;3.92;198.1;198.1;19.1;0.0;1140.1;4.5311;4.5311;420.7;2.1;6.4;2.0;63.3;0.0;99.1;0.39;1.63;95.74;1.0;76.59;0.0;5.12;0.0535;0.1991;0.1991;0.0213;0.77;0.31;94.03;94.03;388.0;324.0;0.0213;73.03;0.153;0.0571;0.617;378.0;0.29;0.855;169.0;0.839;166.0;0.167;79.69;102.62;0.92;0.02;8.39;6.78;0.14;0.4;2.68;20.47;0.14;0.57;1.0;1.0;1.0;0.0;1.0;0.0;91.9;100.8;96.8;98.4;41.45;41.06;82.51;207.26;0.398;82.51;1140.0
9;5.0;40.0;2.0;35.0;1.0;300.0;300.0;1000.0;300000.0;500.0;2662.0;2.88;925.0;925.0;29.9;0.0;1400.0;0.5045;0.5045;550.0;2.75;9.5;1.0;71.3;2.0;300.0;0.3;0.4;30.4;1.0;24.32;0.0;2.78;0.0916;0.0913;0.0913;0.0165;7.2;9.86;265.86;265.86;1331.0;508.0;0.0165;707.71;0.0907;0.0416;0.878;550.0;0.104;0.948;877.0;0.948;877.0;0.0865;675.24;253.66;1.05;0.02;7.39;7.71;0.13;0.33;2.51;21.7;0.1;0.8;1.0;1.0;0.0;1.0;1.0;0.0;26.6;32.0;28.0;29.6;250.76;111.61;362.37;1253.79;0.289;362.37;0.734
10;6.0;42.0;8.0;36.0;1.0;300.0;300.0;1000.0;300000.0;500.0;2662.0;2.88;925.0;925.0;29.9;0.0;2800.0;1.009;1.009;550.0;2.75;9.5;1.0;71.3;2.0;300.0;0.3;0.4;36.1;1.0;28.88;0.0;3.17;0.0878;0.1537;0.1537;0.0139;7.2;9.5;279.5;279.5;1380.0;508.0;0.0139;744.04;0.0803;0.0367;0.856;302.0;0.099;0.951;879.0;0.91;842.0;0.1399;1296.52;487.05;0.57;0.01;6.78;8.41;0.12;0.31;2.63;20.79;0.09;0.37;1.0;1.0;0.0;1.0;1.0;0.0;32.3;38.0;34.0;35.6;275.0;111.61;386.61;1375.0;0.281;386.61;0.723
11;7.0;45.0;3.0;147.0;1.0;585.0;75.0;800.0;277821.0;420.5;2400.0;3.41;704.0;704.0;20.0;0.0;7640.4;1.8552;14.4704;500.3;2.5;12.0;2.0;226.2;2.0;170.0;0.21;8.88;42.25;1.0;33.8;0.0;3.56;0.0843;0.2197;0.2197;0.2626;6.67;8.0;886.82;894.83;1200.0;297.0;0.1557;2128.38;0.1738;0.5638;0.831;449.0;0.237;0.881;620.0;0.868;611.0;0.1907;2335.34;973.06;0.91;0.26;30.83;1.68;0.44;1.28;3.62;15.44;1.76;0.15;0.0;0.0;0.0;0.0;0.0;0.0;38.4;44.5;40.5;42.1;56.88;468.65;525.53;284.4;1848.0;284.4;3118.0
12;8.0;46.0;44.0;46.0;1.0;1450.0;150.0;1450.0;830000.0;550.1;4189.8;3.06;1369.0;1369.0;32.0;0.0;19301.9;0.9724;9.3995;520.2;2.6;12.0;2.0;226.2;2.0;90.0;0.06;9.75;41.14;1.0;32.91;0.1024;3.49;0.0849;0.1183;0.1183;0.2963;19.92;44.32;3384.45;3428.77;2108.0;357.0;0.1818;14180.23;0.1269;0.539;0.835;520.0;0.142;0.929;1272.0;0.929;1272.0;0.1099;12284.65;2932.03;1.15;0.3;32.98;1.54;0.46;1.18;2.97;18.64;1.42;0.36;0.0;1.0;0.0;0.0;0.0;0.0;37.3;43.3;39.3;40.9;218.12;2002.57;2220.69;1090.62;2036.0;1090.62;3103.0
13;9.0;62.0;4.0;26.0;1.0;240.0;240.0;350.0;84000.0;175.0;810.0;2.7;300.0;300.0;24.0;0.0;904.8;1.2566;1.2566;425.8;2.13;6.0;2.0;56.5;2.0;160.0;0.46;0.65;25.88;0.0;20.7;0.0873;2.46;0.095;0.2067;0.2067;0.0314;2.02;1.17;128.7;128.7;321.0;438.0;0.0312;104.25;0.1865;0.0976;0.896;426.0;0.231;0.885;265.0;0.885;265.0;0.1829;102.24;126.22;1.02;0.03;10.21;5.55;0.17;0.56;3.13;17.71;0.27;0.69;1.0;1.0;0.0;1.0;1.0;0.0;22.1;27.2;23.2;24.8;59.6;46.81;106.41;298.02;0.357;106.41;1209.0
14;10.0;63.0;4.0;28.0;1.0;240.0;240.0;650.0;156000.0;325.0;1680.0;2.8;600.0;600.0;24.0;0.0;1809.6;1.2566;1.2566;425.8;2.13;6.0;2.0;56.5;2.0;160.0;0.25;0.65;24.18;0.0;19.34;0.0988;2.33;0.0964;0.2213;0.2213;0.0336;3.74;1.87;249.57;249.57;1300.0;441.0;0.0336;419.29;0.2007;0.1021;0.903;426.0;0.245;0.878;527.0;0.878;527.0;0.1942;405.64;241.45;1.03;0.03;10.56;5.36;0.18;0.57;3.04;18.22;0.28;0.56;1.0;1.0;0.0;1.0;1.0;0.0;20.4;25.5;21.5;23.1;114.83;93.61;208.45;574.17;0.363;208.45;1197.0
15;11.0;64.0;4.0;29.0;1.0;240.0;240.0;950.0;228000.0;475.0;2565.0;2.85;900.0;900.0;24.0;0.0;2714.3;1.2566;1.2566;425.8;2.13;6.0;2.0;56.5;2.0;160.0;0.17;0.65;25.34;0.0;20.27;0.1055;2.42;0.0955;0.2111;0.2111;0.0321;5.47;3.97;369.39;369.39;1975.0;441.0;0.0321;947.48;0.1923;0.0956;0.899;426.0;0.235;0.883;794.0;0.883;794.0;0.1863;917.89;357.85;1.03;0.03;10.32;5.49;0.18;0.54;2.98;18.55;0.25;0.47;1.0;1.0;0.0;1.0;1.0;0.0;21.5;26.7;22.7;24.3;176.75;140.42;317.17;883.75;0.359;317.17;1165.0
16;12.0;65.0;4.0;30.0;1.0;240.0;240.0;1250.0;300000.0;625.0;3450.0;2.88;1200.0;1200.0;24.0;0.0;3619.1;1.2566;1.2566;425.8;2.13;6.0;2.0;56.5;2.0;160.0;0.13;0.65;24.49;0.0;19.59;0.0875;2.36;0.0962;0.2185;0.2185;0.0332;7.2;13.5;472.61;472.61;1725.0;441.0;0.0332;1630.5;0.1926;0.0953;0.902;426.0;0.242;0.879;1055.0;0.879;1055.0;0.192;1625.11;471.05;1.0;0.03;10.5;5.4;0.18;0.53;2.87;19.2;0.25;0.44;1.0;1.0;0.0;1.0;1.0;0.0;20.7;25.8;21.8;23.4;231.28;187.23;418.51;1156.42;0.362;418.51;1129.0
17;13.0;111.0;5.0;24.0;0.0;307.3;307.3;561.3;172522.0;280.7;1752.6;3.76;466.1;466.1;28.7;0.0;2578.9;1.8003;1.8003;555.2;2.78;6.4;2.0;63.3;2.0;209.6;0.37;0.32;22.87;1.0;18.29;0.1123;2.23;0.0975;0.4371;0.4371;0.0175;4.14;3.94;237.46;237.46;876.0;0.0;0.0;416.18;0.2726;0.111;0.909;424.0;0.368;0.816;380.0;0.759;354.0;0.332;506.79;289.16;0.82;0.02;7.6;7.49;0.13;0.85;0.0;0.0;0.0;0.01;0.0;1.0;0.0;0.0;0.0;0.0;19.1;24.1;20.1;21.7;110.75;45.86;156.61;553.76;0.283;156.61;1516.0
18;14.0;117.0;37.0;32.0;0.0;154.9;154.9;558.8;86580.0;279.4;1752.6;3.78;463.6;463.6;28.7;0.0;1289.5;1.7953;1.7953;555.2;2.78;6.4;2.0;63.3;2.0;209.6;0.38;0.64;28.11;1.0;22.49;0.1;2.62;0.0933;0.3546;0.3546;0.0282;2.08;1.98;157.66;157.66;876.0;0.0;0.0;276.31;0.2953;0.122;0.888;555.0;0.4;0.8;371.0;0.8;371.0;0.2838;265.55;151.52;1.04;0.03;9.67;5.87;0.17;0.74;0.0;0.0;0.0;0.01;0.0;1.0;0.0;0.0;0.0;0.0;24.3;29.6;25.6;27.2;62.2;45.61;107.81;310.99;0.347;107.81;1462.0
19;16.0;132.0;7.0;43.0;1.0;200.0;200.0;400.0;80000.0;200.0;1042.5;2.95;353.0;353.0;32.0;0.0;1608.5;2.2783;2.2783;500.0;2.5;6.0;2.0;56.5;2.0;165.0;0.41;0.91;82.65;1.0;66.12;0.0;4.86;0.0588;0.1378;0.1378;0.0137;1.92;1.07;225.55;226.62;521.0;530.0;0.0137;235.14;0.1142;0.0533;0.669;457.0;0.188;0.906;320.0;0.897;317.0;0.1236;254.67;244.29;0.92;0.01;6.73;8.47;0.12;0.46;3.88;14.44;0.18;0.56;1.0;1.0;1.0;0.0;1.0;0.0;78.9;87.0;83.0;84.6;107.85;64.12;171.97;539.27;0.319;171.97;1312.0
20;15.0;137.0;6.0;22.0;1.0;139.0;139.0;260.0;36140.0;130.0;600.0;2.56;234.0;234.0;12.0;0.0;339.3;1.0431;1.0431;818.5;4.09;6.0;2.0;56.5;2.0;100.0;0.38;1.78;28.69;0.0;22.96;0.0;2.66;0.0929;0.2975;0.2975;0.0774;0.87;1.04;95.65;96.69;300.0;0.0;0.0;57.39;0.2628;0.154;0.885;818.0;0.336;0.832;195.0;0.832;195.0;0.2475;54.06;90.1;1.06;0.08;16.15;3.45;0.27;0.58;0.0;0.0;0.0;3.43;0.0;1.0;0.0;0.0;0.0;0.0;24.9;30.2;26.2;27.8;28.49;57.77;86.25;142.43;0.606;86.25;1109.0
21;17.0;213.0;9.0;145.0;1.0;250.0;80.0;400.0;59200.0;200.0;1500.0;3.95;380.0;380.0;12.0;0.0;1017.9;1.0714;3.3483;490.5;2.45;6.0;2.0;56.5;2.0;100.0;0.25;3.47;32.37;0.0;25.9;0.0;2.92;0.0902;0.1623;0.1623;0.1339;1.42;1.07;122.63;123.69;750.0;0.0;0.0;183.94;0.1574;0.1718;0.871;491.0;0.186;0.907;345.0;0.907;345.0;0.1472;172.03;114.69;1.07;0.13;21.46;2.54;0.34;0.5;0.0;0.0;0.0;0.34;0.0;0.0;0.0;0.0;0.0;0.0;28.6;34.1;30.1;31.7;28.42;105.4;133.82;142.09;0.942;133.82;0.916
22;18.0;217.0;10.0;49.0;0.0;584.2;177.8;387.4;110161.0;140.1;914.4;2.97;307.8;307.8;22.2;0.0;775.9;0.4314;1.4175;583.5;2.92;6.4;2.0;63.3;2.0;146.1;0.38;1.29;15.99;1.0;12.79;0.0891;1.65;0.1035;0.1575;0.1575;0.1009;2.64;2.05;140.11;142.16;457.0;0.0;0.0;128.12;0.1448;0.2185;0.936;584.0;0.168;0.916;282.0;0.916;282.0;0.1442;127.65;139.6;1.0;0.1;18.52;2.99;0.3;0.73;0.0;0.0;0.0;1.45;0.0;1.0;0.0;0.0;0.0;0.0;12.2;16.8;12.8;14.4;34.53;70.62;105.15;172.66;0.609;105.15;1332.0
23;19.0;218.0;10.0;50.0;0.0;584.2;177.8;387.4;110161.0;140.1;914.4;3.06;299.2;299.2;32.3;0.0;2410.4;1.379;4.5309;576.9;2.88;12.7;2.0;253.4;2.0;88.9;0.23;5.46;32.3;1.0;25.84;0.0668;2.92;0.0903;0.2463;0.2463;0.2113;2.64;2.01;411.88;413.9;457.0;0.0;0.0;376.63;0.2229;0.349;0.871;577.0;0.283;0.859;257.0;0.859;257.0;0.2115;357.25;390.69;1.05;0.21;27.37;1.93;0.41;0.85;0.0;0.0;0.0;1.26;0.0;1.0;0.0;0.0;0.0;0.0;28.5;34.0;30.0;31.6;49.67;290.51;340.18;248.35;1370.0;248.35;1658.0
24;20.0;219.0;10.0;51.0;0.0;584.2;177.8;387.4;110161.0;140.1;914.4;2.95;309.6;309.6;32.3;0.0;2410.4;1.3326;4.3785;576.9;2.88;6.4;2.0;63.3;2.0;146.1;0.38;1.29;32.3;1.0;25.84;0.0668;2.92;0.0903;0.238;0.238;0.0499;2.64;2.08;225.07;227.15;457.0;0.0;0.0;205.8;0.1138;0.1702;0.871;297.0;0.141;0.93;288.0;0.863;267.0;0.2055;371.73;406.53;0.55;0.05;12.91;4.36;0.22;0.78;0.0;0.0;0.0;0.63;0.0;1.0;0.0;0.0;0.0;0.0;28.5;34.0;30.0;31.6;51.4;71.03;122.43;257.0;0.476;122.43;1838.0
25;21.0;221.0;10.0;52.0;0.0;584.2;177.8;387.4;110161.0;140.1;914.4;2.99;306.1;306.1;22.2;0.0;1345.9;0.7527;2.4733;601.6;3.01;6.4;2.0;63.3;2.0;146.1;0.38;1.29;32.3;1.0;25.84;0.0668;2.92;0.0903;0.1402;0.1402;0.0499;2.64;2.12;217.51;219.62;457.0;0.0;0.0;198.89;0.1125;0.1662;0.871;519.0;0.139;0.931;285.0;0.919;281.0;0.1289;227.88;249.21;0.87;0.05;12.91;4.36;0.22;0.76;0.0;0.0;0.0;0.75;0.0;1.0;0.0;0.0;0.0;0.0;28.5;34.0;30.0;31.6;50.81;70.21;121.02;254.05;0.476;121.02;1797.0
26;22.0;243.0;11.0;40.0;1.0;500.0;120.0;400.0;86000.0;133.7;1212.5;3.46;350.0;350.0;20.0;0.0;1256.6;0.7181;2.992;400.0;2.0;6.0;2.0;56.5;2.0;125.0;0.31;1.21;23.63;0.0;18.9;0.0;2.29;0.0969;0.1216;0.1216;0.0638;2.06;1.33;148.5;149.83;606.0;320.0;0.0638;180.06;0.1244;0.2005;0.906;400.0;0.134;0.933;327.0;0.933;327.0;0.1134;164.12;135.36;1.1;0.06;14.63;3.83;0.24;0.82;3.14;17.66;0.56;0.57;1.0;1.0;1.0;0.0;1.0;0.0;19.8;24.9;20.9;22.5;33.07;50.67;83.73;165.33;0.506;83.73;1773.0
27;23.0;245.0;12.0;41.0;1.0;500.0;120.0;400.0;86000.0;133.7;1212.5;3.46;350.0;350.0;20.0;0.0;1256.6;0.7181;2.992;655.0;3.28;8.0;2.0;100.5;2.0;160.0;0.4;2.51;29.43;0.0;23.54;0.0;2.72;0.0923;0.1598;0.1598;0.1067;2.06;1.33;227.5;228.83;606.0;480.0;0.1067;275.84;0.153;0.253;0.882;655.0;0.181;0.909;318.0;0.909;318.0;0.1453;261.99;216.08;1.05;0.11;19.07;2.89;0.31;0.82;2.37;22.88;0.57;0.74;1.0;1.0;1.0;0.0;1.0;0.0;25.6;31.0;27.0;28.6;37.29;105.56;142.85;186.46;0.766;142.85;1593.0
28;24.0;246.0;12.0;42.0;1.0;500.0;120.0;400.0;86000.0;133.7;1212.5;3.46;350.0;350.0;20.0;0.0;1256.6;0.7181;2.992;655.0;3.28;8.0;2.0;100.5;2.0;125.0;0.31;3.22;18.56;0.0;14.85;0.0;1.88;0.1013;0.2534;0.2534;0.2166;2.06;1.33;222.5;223.83;606.0;480.0;0.2166;269.78;0.2373;0.4133;0.926;655.0;0.274;0.863;302.0;0.863;302.0;0.2187;248.66;205.08;1.08;0.22;27.74;1.9;0.41;1.0;1.91;27.66;0.8;1.06;0.0;1.0;0.0;0.0;0.0;0.0;14.8;19.5;15.5;17.1;28.88;135.11;163.99;144.4;1136.0;144.4;1541.0
29;25.0;247.0;13.0;112.0;1.0;220.0;180.0;500.0;100000.0;241.7;1500.0;3.33;450.0;450.0;25.0;0.0;2945.2;2.975;3.6361;532.0;2.66;8.0;2.0;100.5;2.0;100.0;0.2;2.87;66.5;1.0;53.2;0.0;4.51;0.0678;0.238;0.238;0.054;2.4;1.8;427.0;428.8;750.0;514.0;0.054;640.5;0.2162;0.1183;0.734;532.0;0.324;0.838;377.0;0.838;377.0;0.1994;590.78;393.85;1.08;0.05;13.43;4.19;0.23;0.52;2.19;24.53;0.25;0.54;1.0;1.0;1.0;0.0;1.0;0.0;62.7;70.0;66.0;67.6;110.61;232.53;343.14;553.06;0.62;343.14;1244.0
30;26.0;248.0;14.0;61.0;1.0;400.0;80.0;500.0;104000.0;250.0;1500.0;3.19;470.0;470.0;20.0;0.0;3581.4;1.905;9.525;500.0;2.5;6.0;2.0;56.5;2.0;100.0;0.2;3.89;27.55;1.0;22.04;0.0;2.58;0.0937;0.3457;0.3457;0.1764;2.5;3.74;334.0;337.74;750.0;0.0;0.0;501.0;0.2058;0.4651;0.89;343.0;0.267;0.867;407.0;0.806;379.0;0.2786;678.12;452.08;0.74;0.18;24.83;2.16;0.38;1.22;0.0;0.0;0.0;0.19;0.0;0.0;0.0;0.0;0.0;0.0;23.8;29.0;25.0;26.6;32.21;146.18;178.39;161.04;1108.0;161.04;2074.0
31;27.0;249.0;14.0;62.0;1.0;400.0;80.0;500.0;104000.0;250.0;1450.0;3.09;470.0;470.0;20.0;0.0;3581.4;1.905;9.525;500.0;2.5;6.0;2.0;56.5;2.0;100.0;0.2;3.89;27.55;1.0;22.04;0.0;2.58;0.0937;0.3457;0.3457;0.1764;2.5;1.93;349.0;350.93;725.0;0.0;0.0;506.05;0.2079;0.4869;0.89;348.0;0.27;0.865;407.0;0.806;379.0;0.2786;678.12;467.67;0.75;0.18;24.83;2.16;0.38;1.28;0.0;0.0;0.0;0.2;0.0;0.0;0.0;0.0;0.0;0.0;23.8;29.0;25.0;26.6;32.21;146.18;178.39;161.04;1108.0;161.04;2167.0
32;28.0;260.0;15.0;0.0;0.0;304.8;304.8;609.6;185806.0;304.8;1670.1;3.1;538.7;538.7;32.3;0.0;4086.3;2.4885;2.4885;524.8;2.62;6.4;2.0;63.3;2.0;133.4;0.22;0.75;34.59;1.0;27.67;0.0;3.07;0.0888;0.3775;0.3775;0.027;4.46;5.76;344.26;344.26;835.0;0.0;0.0;574.93;0.1879;0.0865;0.862;298.0;0.249;0.875;472.0;0.781;421.0;0.2948;902.25;540.25;0.64;0.03;9.46;6.0;0.16;0.53;0.0;0.0;0.0;0.41;0.0;1.0;0.0;0.0;0.0;0.0;30.8;36.4;32.4;34.0;159.06;122.65;281.71;795.3;0.354;281.71;1222.0
33;29.0;261.0;15.0;4.0;0.0;304.8;304.8;609.6;185806.0;304.8;1670.1;3.1;538.7;538.7;32.3;0.0;4086.3;2.4885;2.4885;524.8;2.62;6.4;2.0;63.3;2.0;266.7;0.44;0.37;34.59;1.0;27.67;0.0;3.07;0.0888;0.3775;0.3775;0.0135;4.46;5.76;228.16;228.16;835.0;0.0;0.0;381.04;0.1245;0.0545;0.862;188.0;0.157;0.922;496.0;0.781;421.0;0.2948;902.25;540.25;0.42;0.01;6.67;8.55;0.12;0.47;0.0;0.0;0.0;0.27;0.0;1.0;0.0;0.0;0.0;0.0;30.8;36.4;32.4;34.0;159.06;61.32;220.39;795.3;0.277;220.39;1035.0
34;30.0;264.0;15.0;18.0;0.0;304.8;304.8;609.6;185806.0;304.8;1670.1;3.1;538.7;538.7;32.3;0.0;4086.3;2.4885;2.4885;524.8;2.62;6.4;2.0;63.3;2.0;133.4;0.22;0.75;53.07;1.0;42.46;0.0;4.16;0.0784;0.2461;0.2461;0.0176;4.46;5.76;388.29;388.29;835.0;0.0;0.0;648.46;0.1381;0.0617;0.788;326.0;0.194;0.903;486.0;0.844;455.0;0.2077;974.9;583.75;0.67;0.02;7.62;7.47;0.13;0.47;0.0;0.0;0.0;0.33;0.0;1.0;0.0;0.0;0.0;0.0;49.3;55.9;51.9;53.5;199.42;122.65;322.06;997.08;0.323;322.06;1206.0
35;33.0;359.0;17.0;75.0;1.0;250.0;250.0;350.0;87500.0;175.0;730.0;2.5;292.0;292.0;36.0;0.0;2046.0;2.8027;2.8027;452.0;2.26;4.9;2.0;38.3;0.0;100.0;0.29;0.87;58.51;1.0;46.81;0.0;4.31;0.0736;0.2165;0.2165;0.0186;2.1;1.31;228.3;229.61;355.0;0.0;0.0;166.66;0.1336;0.074;0.766;309.0;0.193;0.903;264.0;0.859;251.0;0.1859;231.87;317.64;0.72;0.02;7.85;7.26;0.14;0.55;0.0;0.0;0.0;0.29;0.0;1.0;0.0;0.0;0.0;0.0;54.7;61.6;57.6;59.2;93.28;63.69;156.97;466.41;0.337;156.97;1454.0
36;34.0;360.0;17.0;76.0;1.0;250.0;250.0;350.0;87500.0;175.0;730.0;2.5;292.0;292.0;36.0;0.0;2046.0;2.8027;2.8027;452.0;2.26;4.9;2.0;38.3;0.0;100.0;0.29;0.87;58.51;1.0;46.81;0.0;4.31;0.0736;0.2165;0.2165;0.0186;2.1;1.36;208.3;209.66;332.0;0.0;0.0;152.06;0.1219;0.0668;0.766;279.0;0.174;0.913;267.0;0.859;251.0;0.1859;231.87;317.64;0.66;0.02;7.85;7.26;0.14;0.49;0.0;0.0;0.0;0.27;0.0;1.0;0.0;0.0;0.0;0.0;54.7;61.6;57.6;59.2;93.28;63.69;156.97;466.41;0.337;156.97;1327.0
37;35.0;361.0;17.0;77.0;1.0;250.0;250.0;350.0;87500.0;175.0;730.0;2.5;292.0;292.0;36.0;0.0;2046.0;2.8027;2.8027;452.0;2.26;4.9;2.0;38.3;0.0;100.0;0.29;0.87;58.51;1.0;46.81;0.0;4.31;0.0736;0.2165;0.2165;0.0186;2.1;1.31;206.1;207.41;354.0;314.0;0.0103;150.45;0.1206;0.066;0.766;276.0;0.172;0.914;267.0;0.859;251.0;0.1859;231.87;317.64;0.65;0.02;7.85;7.26;0.14;0.49;6.42;8.85;0.35;0.27;1.0;1.0;0.0;1.0;1.0;0.0;54.7;61.6;57.6;59.2;93.28;63.69;156.97;466.41;0.337;156.97;1313.0
38;36.0;362.0;17.0;78.0;1.0;250.0;250.0;350.0;87500.0;175.0;730.0;2.5;292.0;292.0;36.0;0.0;2046.0;2.8027;2.8027;452.0;2.26;4.9;2.0;38.3;0.0;100.0;0.29;0.87;58.51;1.0;46.81;0.0;4.31;0.0736;0.2165;0.2165;0.0186;2.1;1.41;277.9;279.31;310.0;450.0;0.0147;202.87;0.1627;0.0925;0.766;386.0;0.242;0.879;257.0;0.859;251.0;0.1859;231.87;317.64;0.87;0.02;7.85;7.26;0.14;0.68;6.27;9.05;0.48;0.36;1.0;1.0;0.0;1.0;1.0;0.0;54.7;61.6;57.6;59.2;93.28;63.69;156.97;466.41;0.337;156.97;1770.0
39;37.0;363.0;17.0;79.0;1.0;250.0;250.0;350.0;87500.0;175.0;730.0;2.5;292.0;292.0;36.0;0.0;2046.0;2.8027;2.8027;452.0;2.26;4.9;2.0;38.3;0.0;100.0;0.29;0.87;58.51;1.0;46.81;0.0;4.31;0.0736;0.2165;0.2165;0.0186;2.1;1.29;253.3;254.59;365.0;0.0;0.0;184.91;0.1483;0.0832;0.766;347.0;0.217;0.891;260.0;0.859;251.0;0.1859;231.87;317.64;0.8;0.02;7.85;7.26;0.14;0.61;0.0;0.0;0.0;0.33;0.0;1.0;0.0;0.0;0.0;0.0;54.7;61.6;57.6;59.2;93.28;63.69;156.97;466.41;0.337;156.97;1614.0
40;38.0;364.0;17.0;80.0;1.0;250.0;250.0;350.0;87500.0;175.0;730.0;2.5;292.0;292.0;36.0;0.0;2046.0;2.8027;2.8027;452.0;2.26;4.9;2.0;38.3;0.0;100.0;0.29;0.87;58.51;1.0;46.81;0.0;4.31;0.0736;0.2165;0.2165;0.0186;2.1;1.18;224.1;225.28;420.0;0.0;0.0;163.59;0.1312;0.0724;0.766;302.0;0.189;0.905;264.0;0.859;251.0;0.1859;231.87;317.64;0.71;0.02;7.85;7.26;0.14;0.54;0.0;0.0;0.0;0.29;0.0;1.0;0.0;0.0;0.0;0.0;54.7;61.6;57.6;59.2;93.28;63.69;156.97;466.41;0.337;156.97;1428.0
41;39.0;365.0;17.0;81.0;1.0;250.0;250.0;350.0;87500.0;175.0;730.0;2.5;292.0;292.0;36.0;0.0;2046.0;2.8027;2.8027;452.0;2.26;4.9;2.0;38.3;0.0;150.0;0.43;0.58;66.7;1.0;53.36;0.0487;4.51;0.0676;0.1899;0.1899;0.0109;2.1;1.08;260.3;261.38;464.0;0.0;0.0;190.02;0.1336;0.0744;0.733;354.0;0.203;0.899;262.0;0.87;254.0;0.1653;235.06;322.0;0.81;0.01;5.99;9.53;0.1;0.72;0.0;0.0;0.0;0.32;0.0;1.0;0.0;0.0;0.0;0.0;62.9;70.2;66.2;67.8;99.84;42.46;142.3;499.21;0.285;142.3;1829.0
42;40.0;366.0;17.0;82.0;1.0;250.0;250.0;350.0;87500.0;175.0;730.0;2.5;292.0;292.0;36.0;0.0;2046.0;2.8027;2.8027;452.0;2.26;4.9;2.0;38.3;0.0;125.0;0.36;0.7;66.7;1.0;53.36;0.0487;4.51;0.0676;0.1899;0.1899;0.0131;2.1;1.34;232.5;233.84;344.0;0.0;0.0;169.73;0.1194;0.0655;0.733;312.0;0.179;0.911;266.0;0.87;254.0;0.1653;235.06;322.0;0.72;0.01;6.57;8.69;0.11;0.58;0.0;0.0;0.0;0.28;0.0;1.0;0.0;0.0;0.0;0.0;62.9;70.2;66.2;67.8;99.84;50.95;150.79;499.21;0.302;150.79;1542.0
43;41.0;367.0;17.0;83.0;1.0;250.0;250.0;350.0;87500.0;175.0;730.0;2.5;292.0;292.0;36.0;0.0;2046.0;2.8027;2.8027;452.0;2.26;4.9;2.0;38.3;0.0;100.0;0.29;0.87;66.7;1.0;53.36;0.0487;4.51;0.0676;0.1899;0.1899;0.0164;2.1;1.31;253.3;254.61;354.0;266.0;0.0076;184.91;0.1301;0.0721;0.733;343.0;0.197;0.902;263.0;0.87;254.0;0.1653;235.06;322.0;0.79;0.02;7.35;7.76;0.13;0.57;9.44;6.05;0.55;0.31;1.0;1.0;0.0;1.0;1.0;0.0;62.9;70.2;66.2;67.8;99.84;63.69;163.53;499.21;0.328;163.53;1549.0
44;42.0;368.0;17.0;84.0;1.0;250.0;250.0;350.0;87500.0;175.0;730.0;2.5;292.0;292.0;36.0;0.0;2046.0;2.8027;2.8027;452.0;2.26;4.9;2.0;38.3;0.0;100.0;0.29;0.87;66.7;1.0;53.36;0.0487;4.51;0.0676;0.1899;0.1899;0.0164;2.1;1.2;219.4;220.6;408.0;279.0;0.008;160.16;0.1126;0.0615;0.733;293.0;0.168;0.916;268.0;0.87;254.0;0.1653;235.06;322.0;0.68;0.02;7.35;7.76;0.13;0.48;7.68;7.42;0.38;0.27;1.0;1.0;0.0;1.0;1.0;0.0;62.9;70.2;66.2;67.8;99.84;63.69;163.53;499.21;0.328;163.53;1342.0
45;43.0;369.0;17.0;85.0;1.0;250.0;250.0;350.0;87500.0;175.0;730.0;2.5;292.0;292.0;36.0;0.0;2046.0;2.8027;2.8027;452.0;2.26;4.9;2.0;38.3;0.0;75.0;0.21;1.16;66.7;1.0;53.36;0.0487;4.51;0.0676;0.1899;0.1899;0.0218;2.1;1.41;282.1;283.51;310.0;0.0;0.0;205.93;0.1448;0.0815;0.733;388.0;0.222;0.889;260.0;0.87;254.0;0.1653;235.06;322.0;0.88;0.02;8.49;6.7;0.15;0.56;0.0;0.0;0.0;0.34;0.0;1.0;0.0;0.0;0.0;0.0;62.9;70.2;66.2;67.8;99.84;84.92;184.76;499.21;0.37;184.76;1527.0
46;44.0;371.0;17.0;86.0;1.0;250.0;250.0;350.0;87500.0;175.0;740.0;2.49;297.0;297.0;28.0;0.0;1232.0;1.6593;1.6593;450.0;2.25;4.0;2.0;24.6;0.0;100.0;0.29;0.62;62.01;1.0;49.61;0.0528;4.4;0.0709;0.1204;0.1204;0.0126;2.1;1.33;209.2;210.53;359.0;0.0;0.0;154.81;0.1132;0.0617;0.752;450.0;0.16;0.92;273.0;0.92;273.0;0.1108;151.47;204.69;1.02;0.01;6.43;8.87;0.11;0.55;0.0;0.0;0.0;0.33;0.0;1.0;0.0;0.0;0.0;0.0;58.2;65.3;61.3;62.9;97.78;46.24;144.02;488.92;0.295;144.02;1453.0
47;45.0;372.0;17.0;87.0;1.0;250.0;250.0;350.0;87500.0;175.0;740.0;2.49;297.0;297.0;28.0;0.0;1232.0;1.6593;1.6593;450.0;2.25;4.0;2.0;24.6;0.0;100.0;0.29;0.62;62.01;1.0;49.61;0.0528;4.4;0.0709;0.1204;0.1204;0.0126;2.1;1.28;178.0;179.28;381.0;0.0;0.0;131.72;0.0963;0.0519;0.752;387.0;0.138;0.931;277.0;0.92;273.0;0.1108;151.47;204.69;0.87;0.01;6.43;8.87;0.11;0.47;0.0;0.0;0.0;0.28;0.0;1.0;0.0;0.0;0.0;0.0;58.2;65.3;61.3;62.9;97.78;46.24;144.02;488.92;0.295;144.02;1236.0
48;46.0;373.0;17.0;88.0;1.0;250.0;250.0;350.0;87500.0;175.0;730.0;2.49;293.0;293.0;36.0;0.0;2046.0;2.7932;2.7932;452.0;2.26;4.0;2.0;24.6;0.0;100.0;0.29;0.62;62.01;1.0;49.61;0.0528;4.4;0.0709;0.2036;0.2036;0.0126;2.1;1.18;228.6;229.78;420.0;300.0;0.006;166.88;0.1254;0.0693;0.752;307.0;0.184;0.908;266.0;0.865;253.0;0.176;234.28;320.93;0.71;0.01;6.43;8.87;0.11;0.62;11.63;4.92;0.65;0.28;1.0;1.0;0.0;1.0;1.0;0.0;58.2;65.3;61.3;62.9;96.47;45.61;142.08;482.34;0.295;142.08;1609.0
49;47.0;374.0;17.0;89.0;1.0;250.0;250.0;350.0;87500.0;175.0;730.0;2.49;293.0;293.0;36.0;0.0;2046.0;2.7932;2.7932;452.0;2.26;4.0;2.0;24.6;0.0;100.0;0.29;0.62;62.01;1.0;49.61;0.0528;4.4;0.0709;0.2036;0.2036;0.0126;2.1;1.22;174.9;176.12;398.0;350.0;0.007;127.68;0.0959;0.0517;0.752;229.0;0.137;0.932;273.0;0.865;253.0;0.176;234.28;320.93;0.54;0.01;6.43;8.87;0.11;0.46;7.43;7.66;0.31;0.22;1.0;1.0;0.0;1.0;1.0;0.0;58.2;65.3;61.3;62.9;96.47;45.61;142.08;482.34;0.295;142.08;1231.0
50;48.0;375.0;17.0;90.0;1.0;250.0;250.0;350.0;87500.0;175.0;720.0;2.51;287.0;287.0;24.0;0.0;2760.0;3.8467;3.8467;442.0;2.21;4.0;2.0;24.6;0.0;100.0;0.29;0.62;62.01;1.0;49.61;0.0528;4.4;0.0709;0.2742;0.2742;0.0126;2.1;1.28;296.6;297.88;360.0;0.0;0.0;213.55;0.1672;0.0955;0.752;309.0;0.255;0.873;250.0;0.818;235.0;0.2242;286.28;397.62;0.75;0.01;6.43;8.87;0.11;0.86;0.0;0.0;0.0;0.19;0.0;1.0;0.0;0.0;0.0;0.0;58.2;65.3;61.3;62.9;94.49;44.68;139.17;472.46;0.295;139.17;2131.0
51;49.0;376.0;17.0;91.0;1.0;250.0;250.0;350.0;87500.0;175.0;720.0;2.51;287.0;287.0;24.0;0.0;2760.0;3.8467;3.8467;442.0;2.21;4.0;2.0;24.6;0.0;100.0;0.29;0.62;62.01;1.0;49.61;0.0528;4.4;0.0709;0.2742;0.2742;0.0126;2.1;1.28;282.9;284.18;360.0;0.0;0.0;203.69;0.1595;0.0904;0.752;292.0;0.241;0.879;252.0;0.818;235.0;0.2242;286.28;397.62;0.71;0.01;6.43;8.87;0.11;0.81;0.0;0.0;0.0;0.18;0.0;1.0;0.0;0.0;0.0;0.0;58.2;65.3;61.3;62.9;94.49;44.68;139.17;472.46;0.295;139.17;2033.0
52;50.0;377.0;17.0;92.0;1.0;250.0;250.0;350.0;87500.0;175.0;1300.0;2.48;524.0;524.0;36.0;0.0;4092.0;3.1237;3.1237;452.0;2.26;4.9;2.0;38.3;0.0;100.0;0.29;0.87;80.32;1.0;64.25;0.0463;4.82;0.06;0.1758;0.1758;0.0136;2.1;2.03;354.0;356.03;585.0;183.0;0.0044;460.2;0.0835;0.045;0.679;230.0;0.132;0.934;490.0;0.87;456.0;0.153;843.67;648.98;0.55;0.01;6.69;8.52;0.12;0.39;10.29;5.55;0.37;0.03;1.0;1.0;0.0;1.0;1.0;0.0;76.5;84.5;80.5;82.1;197.2;114.29;311.49;985.99;0.316;311.49;1136.0
53;51.0;379.0;17.0;93.0;1.0;250.0;250.0;350.0;87500.0;175.0;830.0;2.5;332.0;332.0;28.0;0.0;2464.0;2.9687;2.9687;450.0;2.25;4.9;2.0;38.3;0.0;100.0;0.29;0.87;80.32;1.0;64.25;0.0463;4.82;0.06;0.1663;0.1663;0.0136;2.1;1.4;243.4;244.8;415.0;0.0;0.0;202.02;0.0913;0.0492;0.679;266.0;0.145;0.928;308.0;0.877;291.0;0.146;323.02;389.18;0.63;0.01;6.69;8.52;0.12;0.43;0.0;0.0;0.0;0.13;0.0;1.0;0.0;0.0;0.0;0.0;76.5;84.5;80.5;82.1;124.94;72.41;197.36;624.71;0.316;197.36;1233.0
54;52.0;380.0;17.0;94.0;1.0;250.0;250.0;350.0;87500.0;175.0;730.0;2.5;292.0;292.0;36.0;0.0;2046.0;2.8027;2.8027;452.0;2.26;4.9;2.0;38.3;0.0;100.0;0.29;0.87;80.32;1.0;64.25;0.0463;4.82;0.06;0.1577;0.1577;0.0136;2.1;1.26;258.1;259.36;381.0;317.0;0.0076;188.41;0.1101;0.0604;0.679;346.0;0.178;0.911;266.0;0.884;258.0;0.1394;238.66;326.93;0.79;0.01;6.69;8.52;0.12;0.52;7.99;7.13;0.39;0.23;1.0;1.0;0.0;1.0;1.0;0.0;76.5;84.5;80.5;82.1;109.89;63.69;173.58;549.45;0.316;173.58;1487.0
55;53.0;382.0;17.0;95.0;1.0;250.0;250.0;350.0;87500.0;175.0;500.0;2.53;198.0;198.0;24.0;0.0;1380.0;2.7879;2.7879;442.0;2.21;4.9;2.0;38.3;0.0;100.0;0.29;0.87;80.32;1.0;64.25;0.0463;4.82;0.06;0.1534;0.1534;0.0136;2.1;1.05;202.9;203.95;250.0;300.0;0.0072;101.45;0.1289;0.0714;0.679;415.0;0.212;0.894;177.0;0.887;176.0;0.1361;107.12;214.24;0.95;0.01;6.69;8.52;0.12;0.62;9.97;5.73;0.58;0.43;1.0;1.0;0.0;1.0;1.0;0.0;76.5;84.5;80.5;82.1;74.51;43.19;117.7;372.57;0.316;117.7;1724.0
56;54.0;383.0;17.0;96.0;1.0;250.0;250.0;350.0;87500.0;175.0;880.0;3.01;292.0;292.0;36.0;1.0;2046.0;2.8027;2.8027;452.0;2.26;4.9;2.0;38.3;0.0;100.0;0.29;0.87;82.25;1.0;65.8;0.0583;4.86;0.059;0.154;0.154;0.0133;2.1;1.37;241.7;243.07;476.0;411.0;0.0096;212.7;0.1213;0.0559;0.671;396.0;0.201;0.899;263.0;0.885;258.0;0.1363;239.05;271.64;0.89;0.01;6.61;8.63;0.11;0.49;5.85;9.7;0.27;0.32;1.0;1.0;1.0;0.0;1.0;0.0;78.4;86.6;82.6;84.2;111.24;63.69;174.93;556.21;0.315;174.93;1382.0
57;55.0;384.0;17.0;97.0;1.0;250.0;250.0;350.0;87500.0;175.0;800.0;2.74;292.0;292.0;36.0;0.0;2046.0;2.8027;2.8027;452.0;2.26;4.9;2.0;38.3;0.0;100.0;0.29;0.87;82.25;1.0;65.8;0.0583;4.86;0.059;0.154;0.154;0.0133;2.1;1.37;259.9;261.27;400.0;0.0;0.0;207.92;0.1186;0.06;0.671;386.0;0.196;0.902;263.0;0.885;258.0;0.1363;239.05;298.81;0.87;0.01;6.61;8.63;0.11;0.52;0.0;0.0;0.0;0.27;0.0;1.0;0.0;0.0;0.0;0.0;78.4;86.6;82.6;84.2;111.24;63.69;174.93;556.21;0.315;174.93;1486.0
58;56.0;385.0;17.0;98.0;1.0;250.0;250.0;350.0;87500.0;175.0;730.0;2.5;292.0;292.0;36.0;0.0;2046.0;2.8027;2.8027;452.0;2.26;4.9;2.0;38.3;0.0;100.0;0.29;0.87;82.25;1.0;65.8;0.0583;4.86;0.059;0.154;0.154;0.0133;2.1;1.34;243.8;245.14;341.0;300.0;0.007;177.97;0.1015;0.0553;0.671;325.0;0.165;0.918;268.0;0.885;258.0;0.1363;239.05;327.46;0.74;0.01;6.61;8.63;0.11;0.48;7.91;7.2;0.36;0.27;1.0;1.0;0.0;1.0;1.0;0.0;78.4;86.6;82.6;84.2;111.24;63.69;174.93;556.21;0.315;174.93;1394.0
59;57.0;389.0;17.0;99.0;1.0;250.0;250.0;350.0;87500.0;175.0;945.0;3.4;278.0;278.0;32.0;0.0;3284.0;4.7252;4.7252;433.0;2.17;4.9;2.0;38.3;0.0;150.0;0.43;0.58;68.82;1.0;55.05;0.0535;4.56;0.0663;0.2973;0.2973;0.0106;2.1;1.04;217.2;218.24;473.0;0.0;0.0;205.25;0.1544;0.0646;0.725;256.0;0.242;0.879;244.0;0.795;221.0;0.2363;314.22;332.51;0.65;0.01;5.9;9.68;0.1;0.63;0.0;0.0;0.0;0.17;0.0;1.0;0.0;0.0;0.0;0.0;65.0;72.4;68.4;70.0;96.6;40.42;137.03;483.02;0.284;137.03;1585.0
60;58.0;390.0;17.0;100.0;1.0;250.0;250.0;350.0;87500.0;175.0;945.0;3.4;278.0;278.0;32.0;0.0;3284.0;4.7252;4.7252;433.0;2.17;4.9;2.0;38.3;0.0;125.0;0.36;0.7;68.82;1.0;55.05;0.0535;4.56;0.0663;0.2973;0.2973;0.0127;2.1;1.04;205.4;206.44;473.0;0.0;0.0;194.1;0.146;0.0606;0.725;240.0;0.227;0.886;246.0;0.795;221.0;0.2363;314.22;332.51;0.62;0.01;6.47;8.82;0.11;0.54;0.0;0.0;0.0;0.16;0.0;1.0;0.0;0.0;0.0;0.0;65.0;72.4;68.4;70.0;96.6;48.51;145.11;483.02;0.3;145.11;1415.0
61;59.0;391.0;17.0;101.0;1.0;250.0;250.0;350.0;87500.0;175.0;945.0;3.4;278.0;278.0;32.0;0.0;3284.0;4.7252;4.7252;433.0;2.17;4.9;2.0;38.3;0.0;100.0;0.29;0.87;68.82;1.0;55.05;0.0535;4.56;0.0663;0.2973;0.2973;0.0158;2.1;1.04;246.5;247.54;473.0;372.0;0.0104;232.94;0.1752;0.075;0.725;297.0;0.281;0.859;239.0;0.795;221.0;0.2363;314.22;332.51;0.74;0.02;7.23;7.88;0.12;0.6;7.23;7.87;0.44;0.19;1.0;1.0;1.0;0.0;1.0;0.0;65.0;72.4;68.4;70.0;96.6;60.64;157.24;483.02;0.326;157.24;1568.0
62;60.0;392.0;17.0;102.0;1.0;250.0;250.0;350.0;87500.0;175.0;945.0;3.4;278.0;278.0;32.0;0.0;3284.0;4.7252;4.7252;433.0;2.17;4.9;2.0;38.3;0.0;80.0;0.23;1.09;68.82;1.0;55.05;0.0535;4.56;0.0663;0.2973;0.2973;0.0198;2.1;1.04;273.6;274.64;473.0;375.0;0.0131;258.55;0.1945;0.0851;0.725;337.0;0.319;0.84;234.0;0.795;221.0;0.2363;314.22;332.51;0.82;0.02;8.09;7.03;0.14;0.61;6.52;8.72;0.45;0.21;1.0;1.0;1.0;0.0;1.0;0.0;65.0;72.4;68.4;70.0;96.6;75.8;172.4;483.02;0.357;172.4;1587.0
63;61.0;393.0;17.0;103.0;1.0;250.0;250.0;350.0;87500.0;175.0;945.0;3.4;278.0;278.0;32.0;0.0;3284.0;4.7252;4.7252;433.0;2.17;4.9;2.0;38.3;0.0;70.0;0.2;1.25;68.82;1.0;55.05;0.0535;4.56;0.0663;0.2973;0.2973;0.0226;2.1;1.04;304.4;305.44;473.0;0.0;0.0;287.66;0.2164;0.0973;0.725;385.0;0.365;0.817;227.0;0.795;221.0;0.2363;314.22;332.51;0.92;0.02;8.65;6.57;0.15;0.65;0.0;0.0;0.0;0.23;0.0;1.0;0.0;0.0;0.0;0.0;65.0;72.4;68.4;70.0;96.6;86.62;183.23;483.02;0.379;183.23;1661.0
64;62.0;394.0;17.0;104.0;1.0;250.0;250.0;350.0;87500.0;175.0;945.0;3.4;278.0;278.0;32.0;0.0;3284.0;4.7252;4.7252;433.0;2.17;4.9;2.0;38.3;0.0;60.0;0.17;1.45;68.82;1.0;55.05;0.0535;4.56;0.0663;0.2973;0.2973;0.0264;2.1;1.22;310.6;311.82;388.0;0.0;0.0;293.52;0.2208;0.0999;0.725;396.0;0.375;0.813;226.0;0.795;221.0;0.2363;314.22;332.51;0.93;0.03;9.35;6.07;0.16;0.62;0.0;0.0;0.0;0.24;0.0;1.0;0.0;0.0;0.0;0.0;65.0;72.4;68.4;70.0;96.6;101.06;197.66;483.02;0.409;197.66;1571.0
65;63.0;395.0;17.0;105.0;1.0;250.0;250.0;350.0;87500.0;175.0;730.0;2.5;292.0;292.0;36.0;0.0;2046.0;2.8027;2.8027;452.0;2.26;4.9;2.0;38.3;0.0;150.0;0.43;0.58;68.63;1.0;54.91;0.0493;4.56;0.0664;0.1846;0.1846;0.0106;2.1;1.27;272.1;273.37;376.0;0.0;0.0;198.63;0.1358;0.0758;0.725;371.0;0.209;0.896;261.0;0.873;255.0;0.1611;235.69;322.86;0.84;0.01;5.91;9.66;0.1;0.74;0.0;0.0;0.0;0.33;0.0;1.0;0.0;0.0;0.0;0.0;64.8;72.2;68.2;69.8;101.33;42.46;143.79;506.65;0.284;143.79;1892.0
66;64.0;396.0;17.0;106.0;1.0;250.0;250.0;350.0;87500.0;175.0;730.0;2.5;292.0;292.0;36.0;0.0;2046.0;2.8027;2.8027;452.0;2.26;4.9;2.0;38.3;0.0;125.0;0.36;0.7;68.63;1.0;54.91;0.0493;4.56;0.0664;0.1846;0.1846;0.0127;2.1;1.31;251.0;252.31;354.0;0.0;0.0;183.23;0.1252;0.0692;0.725;339.0;0.191;0.905;264.0;0.873;255.0;0.1611;235.69;322.86;0.78;0.01;6.47;8.81;0.11;0.62;0.0;0.0;0.0;0.3;0.0;1.0;0.0;0.0;0.0;0.0;64.8;72.2;68.2;69.8;101.33;50.95;152.28;506.65;0.301;152.28;1648.0
67;65.0;397.0;17.0;107.0;1.0;250.0;250.0;350.0;87500.0;175.0;730.0;2.5;292.0;292.0;36.0;0.0;2046.0;2.8027;2.8027;452.0;2.26;4.9;2.0;38.3;0.0;100.0;0.29;0.87;68.63;1.0;54.91;0.0493;4.56;0.0664;0.1846;0.1846;0.0159;2.1;1.22;309.6;310.82;398.0;0.0;0.0;226.01;0.1545;0.0879;0.725;430.0;0.242;0.879;257.0;0.873;255.0;0.1611;235.69;322.86;0.96;0.02;7.24;7.87;0.13;0.7;0.0;0.0;0.0;0.37;0.0;1.0;0.0;0.0;0.0;0.0;64.8;72.2;68.2;69.8;101.33;63.69;165.02;506.65;0.326;165.02;1876.0
68;66.0;398.0;17.0;108.0;1.0;250.0;250.0;350.0;87500.0;175.0;730.0;2.5;292.0;292.0;36.0;0.0;2046.0;2.8027;2.8027;452.0;2.26;4.9;2.0;38.3;0.0;100.0;0.29;0.87;68.63;1.0;54.91;0.0493;4.56;0.0664;0.1846;0.1846;0.0159;2.1;1.29;265.8;267.09;365.0;0.0;0.0;194.03;0.1326;0.0738;0.725;362.0;0.204;0.898;262.0;0.873;255.0;0.1611;235.69;322.86;0.82;0.02;7.24;7.87;0.13;0.59;0.0;0.0;0.0;0.32;0.0;1.0;0.0;0.0;0.0;0.0;64.8;72.2;68.2;69.8;101.33;63.69;165.02;506.65;0.326;165.02;1611.0
69;67.0;399.0;17.0;109.0;1.0;250.0;250.0;350.0;87500.0;175.0;730.0;2.5;292.0;292.0;36.0;0.0;2046.0;2.8027;2.8027;452.0;2.26;4.9;2.0;38.3;0.0;80.0;0.23;1.09;68.63;1.0;54.91;0.0493;4.56;0.0664;0.1846;0.1846;0.0199;2.1;1.29;289.2;290.49;365.0;0.0;0.0;211.12;0.1443;0.0813;0.725;398.0;0.224;0.888;259.0;0.873;255.0;0.1611;235.69;322.86;0.9;0.02;8.1;7.02;0.14;0.58;0.0;0.0;0.0;0.35;0.0;1.0;0.0;0.0;0.0;0.0;64.8;72.2;68.2;69.8;101.33;79.61;180.94;506.65;0.357;180.94;1598.0
70;68.0;400.0;17.0;110.0;1.0;250.0;250.0;350.0;87500.0;175.0;730.0;2.5;292.0;292.0;36.0;0.0;2046.0;2.8027;2.8027;452.0;2.26;4.9;2.0;38.3;0.0;70.0;0.2;1.25;68.63;1.0;54.91;0.0493;4.56;0.0664;0.1846;0.1846;0.0227;2.1;1.13;283.9;285.03;442.0;0.0;0.0;207.25;0.1417;0.0796;0.725;390.0;0.219;0.89;260.0;0.873;255.0;0.1611;235.69;322.86;0.88;0.02;8.67;6.56;0.15;0.53;0.0;0.0;0.0;0.34;0.0;1.0;0.0;0.0;0.0;0.0;64.8;72.2;68.2;69.8;101.33;90.99;192.31;506.65;0.38;192.31;1476.0
71;69.0;420.0;18.0;6.0;0.0;254.0;254.0;508.0;129032.0;254.0;1765.3;3.87;455.7;455.7;28.7;0.0;2578.9;2.2282;2.2282;352.4;1.76;6.4;2.0;63.3;0.0;152.4;0.3;0.56;38.13;1.0;30.5;0.0;3.3;0.0866;0.2059;0.2059;0.0183;3.1;2.93;206.83;209.76;883.0;341.0;0.0183;365.12;0.1816;0.0667;0.847;352.0;0.243;0.879;400.0;0.879;400.0;0.1809;363.82;206.1;1.0;0.02;7.78;7.32;0.13;0.5;3.64;15.35;0.21;0.3;1.0;1.0;1.0;0.0;1.0;0.0;34.3;40.1;36.1;37.7;118.09;64.65;182.74;590.47;0.309;182.74;1132.0
72;70.0;422.0;18.0;8.0;0.0;254.0;254.0;508.0;129032.0;254.0;1765.3;3.87;455.7;455.7;28.7;0.0;2578.9;2.2282;2.2282;338.6;1.69;6.4;2.0;63.3;0.0;228.6;0.45;0.37;35.77;1.0;28.62;0.0;3.15;0.088;0.2109;0.2109;0.013;3.1;2.93;160.13;163.06;883.0;341.0;0.013;282.67;0.1498;0.0535;0.857;266.0;0.194;0.903;412.0;0.877;400.0;0.185;348.96;197.68;0.81;0.01;6.55;8.71;0.11;0.47;4.11;13.66;0.19;0.24;1.0;1.0;1.0;0.0;1.0;0.0;32.0;37.7;33.7;35.3;114.14;43.1;157.24;570.71;0.276;157.24;1018.0
73;71.0;425.0;18.0;7.0;0.0;254.0;254.0;508.0;129032.0;254.0;1765.3;3.87;455.7;455.7;28.7;0.0;2578.9;2.2282;2.2282;383.4;1.92;6.4;2.0;63.3;2.0;228.6;0.45;0.41;35.31;1.0;28.25;0.0;3.12;0.0883;0.2419;0.2419;0.0144;3.1;2.93;216.62;219.55;883.0;372.0;0.0144;382.4;0.2053;0.0769;0.859;378.0;0.278;0.861;392.0;0.859;391.0;0.2079;387.13;219.3;0.99;0.01;6.89;8.28;0.12;0.65;5.35;10.59;0.34;0.33;1.0;1.0;1.0;0.0;1.0;0.0;31.5;37.2;33.2;34.8;113.36;47.02;160.38;566.79;0.283;160.38;1351.0
74;72.0;426.0;18.0;9.0;0.0;254.0;254.0;508.0;129032.0;254.0;1765.3;3.87;455.7;455.7;28.7;0.0;2578.9;2.2282;2.2282;364.1;1.82;6.4;2.0;63.3;2.0;228.6;0.45;0.41;39.31;1.0;31.45;0.0;3.38;0.0859;0.2064;0.2064;0.0129;3.1;2.93;202.38;205.31;883.0;372.0;0.0129;357.27;0.1723;0.0629;0.843;344.0;0.231;0.884;403.0;0.878;400.0;0.1811;375.52;212.72;0.95;0.01;6.53;8.74;0.11;0.56;4.87;11.61;0.26;0.28;1.0;1.0;1.0;0.0;1.0;0.0;35.5;41.4;37.4;39.0;120.02;47.02;167.04;600.1;0.278;167.04;1212.0
75;73.0;427.0;18.0;10.0;0.0;254.0;254.0;508.0;129032.0;254.0;1765.3;3.87;455.7;455.7;28.7;0.0;2578.9;2.2282;2.2282;271.0;1.36;6.4;2.0;63.3;2.0;228.6;0.45;0.41;22.93;1.0;18.34;0.0;2.24;0.0975;0.2634;0.2634;0.0221;3.1;2.93;161.46;164.39;883.0;372.0;0.0221;285.03;0.2357;0.0889;0.908;271.0;0.29;0.855;390.0;0.855;390.0;0.2252;272.33;154.27;1.05;0.02;8.56;6.65;0.15;0.6;4.02;13.98;0.3;0.34;1.0;1.0;1.0;0.0;1.0;0.0;19.1;24.1;20.1;21.7;89.63;47.02;136.65;448.14;0.305;136.65;1182.0
76;74.0;428.0;18.0;11.0;0.0;254.0;254.0;508.0;129032.0;254.0;1765.3;3.87;455.7;455.7;28.7;0.0;2578.9;2.2282;2.2282;290.3;1.45;6.4;2.0;63.3;2.0;228.6;0.45;0.41;28.89;1.0;23.11;0.0;2.68;0.0927;0.2239;0.2239;0.0176;3.1;2.93;165.02;167.95;883.0;372.0;0.0176;291.31;0.1912;0.0704;0.884;283.0;0.247;0.877;400.0;0.873;398.0;0.1956;298.01;168.81;0.98;0.02;7.62;7.48;0.13;0.54;4.0;14.03;0.24;0.29;1.0;1.0;1.0;0.0;1.0;0.0;25.1;30.4;26.4;28.0;101.75;47.02;148.77;508.74;0.292;148.77;1109.0
77;75.0;430.0;18.0;12.0;0.0;254.0;254.0;508.0;129032.0;254.0;1765.3;3.87;455.7;455.7;28.7;0.0;2578.9;2.2282;2.2282;406.2;2.03;6.4;2.0;63.3;2.0;228.6;0.45;0.41;39.7;1.0;31.76;0.0;3.4;0.0857;0.228;0.228;0.0128;3.1;2.93;234.41;237.34;883.0;372.0;0.0128;413.8;0.1976;0.0738;0.841;406.0;0.271;0.864;394.0;0.864;394.0;0.1971;412.67;233.77;1.0;0.01;6.49;8.79;0.11;0.66;5.77;9.84;0.35;0.33;1.0;1.0;1.0;0.0;1.0;0.0;35.9;41.8;37.8;39.4;120.66;47.02;167.67;603.28;0.278;167.67;1398.0
78;76.0;431.0;18.0;13.0;0.0;254.0;254.0;508.0;129032.0;254.0;1765.3;3.87;455.7;455.7;28.7;0.0;2578.9;2.2282;2.2282;276.6;1.38;6.4;2.0;63.3;2.0;228.6;0.45;0.41;14.94;1.0;11.95;0.0;1.56;0.1043;0.4125;0.4125;0.034;3.1;2.93;149.9;152.83;883.0;372.0;0.034;264.61;0.3359;0.1388;0.94;277.0;0.439;0.781;356.0;0.781;356.0;0.322;253.7;143.71;1.04;0.03;10.62;5.33;0.18;0.77;4.08;13.76;0.48;0.47;1.0;1.0;1.0;0.0;1.0;0.0;11.1;15.7;11.7;13.3;70.17;47.02;117.19;350.85;0.334;117.19;1279.0
79;77.0;434.0;18.0;5.0;0.0;254.0;254.0;508.0;129032.0;254.0;1765.3;3.87;455.7;455.7;28.7;0.0;2578.9;2.2282;2.2282;406.2;2.03;6.4;2.0;63.3;2.0;114.3;0.23;0.52;33.68;1.0;26.94;0.0;3.01;0.0893;0.2688;0.2688;0.0192;3.1;2.93;232.63;235.56;883.0;0.0;0.0;410.66;0.2312;0.0883;0.865;406.0;0.311;0.845;385.0;0.845;385.0;0.227;403.22;228.41;1.02;0.02;7.97;7.15;0.14;0.64;0.0;0.0;0.0;0.37;0.0;1.0;0.0;0.0;0.0;0.0;29.9;35.4;31.4;33.0;110.51;59.91;170.42;552.56;0.308;170.42;1365.0
80;78.0;444.0;18.0;15.0;0.0;254.0;254.0;508.0;129032.0;254.0;1765.3;3.87;455.7;455.7;28.7;0.0;2578.9;2.2282;2.2282;406.2;2.03;9.5;2.0;141.9;2.0;228.6;0.45;0.67;40.56;1.0;32.44;0.0;3.45;0.0852;0.2232;0.2232;0.0186;2.1;2.93;239.75;242.68;883.0;276.0;0.0208;423.23;0.1979;0.0737;0.838;406.0;0.266;0.867;395.0;0.867;395.0;0.1934;413.77;234.39;1.02;0.02;8.29;6.86;0.14;0.52;3.54;15.76;0.23;0.33;1.0;1.0;1.0;0.0;1.0;0.0;36.8;42.7;38.7;40.3;122.02;78.05;200.07;610.1;0.328;200.07;1198.0
81;79.0;483.0;19.0;37.0;1.0;300.0;150.0;350.0;63750.0;150.7;1050.0;3.5;300.0;300.0;20.0;0.0;1256.6;1.3963;2.7925;419.9;2.1;6.0;2.0;56.5;0.0;110.0;0.31;1.08;22.56;2.0;18.05;0.1093;2.21;0.0978;0.2598;0.2598;0.0596;1.53;1.94;130.94;130.94;233.0;314.0;0.0596;137.49;0.2257;0.1881;0.91;420.0;0.286;0.857;257.0;0.857;257.0;0.2227;135.68;129.22;1.01;0.06;14.13;3.97;0.24;0.79;3.16;17.59;0.52;0.73;1.0;1.0;1.0;0.0;1.0;0.0;18.8;23.8;19.8;21.4;34.54;48.41;82.95;172.68;0.48;82.95;1579.0
82;81.0;484.0;19.0;38.0;1.0;300.0;100.0;350.0;50000.0;133.8;1050.0;3.5;300.0;300.0;20.0;0.0;1256.6;1.3963;4.1888;419.9;2.1;6.0;2.0;56.5;0.0;110.0;0.31;1.61;22.56;2.0;18.05;0.1093;2.21;0.0978;0.2598;0.2598;0.0894;1.2;1.17;126.25;126.25;525.0;314.0;0.0894;132.56;0.2176;0.2707;0.91;408.0;0.278;0.861;258.0;0.857;257.0;0.2227;135.68;129.22;0.98;0.09;17.4;3.19;0.29;0.95;3.03;18.27;0.73;0.71;1.0;1.0;1.0;0.0;1.0;0.0;18.8;23.8;19.8;21.4;23.02;48.41;71.44;115.12;0.621;71.44;1767.0
83;82.0;485.0;19.0;39.0;1.0;300.0;50.0;350.0;41250.0;127.7;1050.0;3.5;300.0;300.0;20.0;0.0;1256.6;1.3963;8.3776;419.9;2.1;6.0;2.0;56.5;0.0;110.0;0.31;3.23;22.56;2.0;18.05;0.1093;2.21;0.0978;0.2598;0.2598;0.1788;0.99;0.97;98.08;98.08;525.0;314.0;0.1788;102.99;0.1691;0.4042;0.91;305.0;0.207;0.896;269.0;0.857;257.0;0.2227;135.68;129.22;0.76;0.18;25.02;2.14;0.38;1.05;2.26;23.87;0.87;0.55;1.0;0.0;0.0;0.0;0.0;1.0;18.8;23.8;19.8;21.4;11.51;48.41;59.93;57.56;1041.0;57.56;1704.0
84;80.0;490.0;20.0;117.0;1.0;1500.0;100.0;900.0;362500.0;291.7;2500.0;3.03;825.0;825.0;26.0;0.0;8464.0;0.684;10.2594;464.8;2.32;12.0;2.0;232.0;2.0;80.0;0.09;12.37;23.01;0.0;18.41;0.1036;2.24;0.0974;0.1381;0.1381;0.6719;8.7;15.23;800.03;800.03;1250.0;315.0;0.4964;2000.06;0.0851;0.554;0.908;301.0;0.099;0.951;784.0;0.924;762.0;0.1276;2998.92;1199.57;0.67;0.67;55.06;0.7;0.47;1.18;1.12;41.86;0.89;0.01;1.0;1.0;1.0;0.0;1.0;0.0;19.2;24.2;20.2;21.8;64.01;1020.61;1084.63;320.07;3389.0;320.07;2500.0
85;83.0;491.0;21.0;129.0;1.0;960.0;160.0;440.0;134400.0;134.3;1125.0;3.0;375.0;375.0;24.0;0.0;2714.3;0.754;4.5239;409.1;2.05;12.0;2.0;226.2;2.0;113.0;0.26;5.34;16.68;2.0;13.34;0.1235;1.72;0.1029;0.1849;0.1849;0.4002;3.23;3.02;338.53;338.53;563.0;349.0;0.3275;380.84;0.1692;0.4694;0.933;409.0;0.198;0.901;338.0;0.901;338.0;0.1666;375.13;333.45;1.02;0.4;39.24;1.22;0.49;0.96;1.43;34.9;0.8;1.84;0.0;1.0;0.0;0.0;0.0;0.0;12.9;17.6;13.6;15.2;38.79;320.33;359.12;193.97;1851.0;193.97;1745.0
86;84.0;492.0;21.0;136.0;1.0;960.0;160.0;440.0;134400.0;134.3;1250.0;3.33;375.0;375.0;24.0;0.0;2714.3;0.754;4.5239;409.1;2.05;10.0;2.0;157.1;2.0;113.0;0.26;3.7;16.68;2.0;13.34;0.1235;1.72;0.1029;0.1849;0.1849;0.2773;3.23;2.82;322.14;322.14;625.0;417.0;0.2715;402.67;0.1789;0.4467;0.933;409.0;0.198;0.901;338.0;0.901;338.0;0.1666;375.13;300.11;1.07;0.28;31.77;1.61;0.45;1.0;1.65;31.29;0.81;1.75;0.0;1.0;0.0;0.0;0.0;0.0;12.9;17.6;13.6;15.2;38.79;221.94;260.73;193.97;1344.0;193.97;1661.0
87;85.0;493.0;21.0;137.0;1.0;960.0;160.0;440.0;134400.0;134.3;1250.0;3.33;375.0;375.0;24.0;0.0;2714.3;0.754;4.5239;409.1;2.05;8.0;2.0;100.5;2.0;113.0;0.26;2.32;16.19;2.0;12.95;0.1127;1.67;0.1034;0.1906;0.1906;0.1794;3.23;2.82;275.05;275.05;625.0;418.0;0.1794;343.81;0.1573;0.3902;0.935;372.0;0.185;0.907;340.0;0.898;337.0;0.1711;373.97;299.18;0.92;0.18;25.06;2.14;0.38;1.02;2.17;24.7;0.82;1.53;0.0;1.0;0.0;0.0;0.0;0.0;12.4;17.0;13.0;14.6;38.13;139.42;177.55;190.64;0.931;177.55;1549.0
88;86.0;494.0;21.0;138.0;1.0;960.0;160.0;440.0;134400.0;134.3;1250.0;3.33;375.0;375.0;24.0;0.0;2714.3;0.754;4.5239;409.1;2.05;6.0;2.0;56.5;2.0;113.0;0.26;1.38;16.19;2.0;12.95;0.1127;1.67;0.1034;0.1906;0.1906;0.1064;3.23;2.82;232.38;232.38;625.0;440.0;0.1064;290.47;0.1329;0.324;0.935;309.0;0.154;0.923;346.0;0.898;337.0;0.1711;373.97;299.18;0.78;0.11;19.04;2.9;0.31;1.05;3.05;18.18;0.87;1.3;0.0;1.0;0.0;0.0;0.0;0.0;12.4;17.0;13.0;14.6;38.13;82.66;120.79;190.64;0.634;120.79;1924.0
89;87.0;497.0;21.0;130.0;1.0;960.0;160.0;440.0;134400.0;134.3;1250.0;3.33;375.0;375.0;24.0;0.0;2714.3;0.754;4.5239;409.1;2.05;8.0;2.0;100.5;2.0;113.0;0.26;2.32;24.92;2.0;19.93;0.0969;2.39;0.0958;0.1238;0.1238;0.1166;3.23;2.82;338.32;338.32;625.0;418.0;0.1166;422.91;0.1257;0.3038;0.9;409.0;0.137;0.931;349.0;0.931;349.0;0.1153;387.77;310.21;1.09;0.12;19.96;2.75;0.32;0.95;2.61;21.0;0.73;0.66;1.0;1.0;1.0;0.0;1.0;0.0;21.1;26.2;22.2;23.8;48.65;139.42;188.07;243.23;0.773;188.07;1799.0
90;88.0;498.0;21.0;131.0;1.0;960.0;160.0;440.0;134400.0;134.3;1250.0;3.33;375.0;375.0;24.0;0.0;2714.3;0.754;4.5239;409.1;2.05;6.0;2.0;56.5;2.0;113.0;0.26;1.38;24.92;2.0;19.93;0.0969;2.39;0.0958;0.1238;0.1238;0.0691;3.23;2.82;267.69;267.69;625.0;440.0;0.0691;334.62;0.0995;0.2378;0.9;349.0;0.117;0.941;353.0;0.931;349.0;0.1153;387.77;310.21;0.86;0.07;15.24;3.67;0.25;0.94;3.44;16.21;0.71;0.53;1.0;1.0;1.0;0.0;1.0;0.0;21.1;26.2;22.2;23.8;48.65;82.66;131.31;243.23;0.54;131.31;2039.0
91;89.0;499.0;21.0;132.0;1.0;960.0;160.0;440.0;134400.0;134.3;1250.0;3.33;375.0;375.0;24.0;0.0;2714.3;0.754;4.5239;409.1;2.05;12.0;2.0;226.2;2.0;113.0;0.26;5.34;21.29;2.0;17.03;0.1023;2.11;0.0989;0.1449;0.1449;0.3135;3.23;2.82;346.17;346.17;625.0;348.0;0.2556;432.72;0.1506;0.3679;0.915;409.0;0.158;0.921;345.0;0.921;345.0;0.1334;383.42;306.73;1.13;0.31;34.05;1.48;0.46;0.79;1.44;34.79;0.63;0.77;1.0;1.0;1.0;0.0;1.0;0.0;17.5;22.4;18.4;20.0;44.58;320.33;364.9;222.88;1637.0;222.88;1553.0
92;90.0;500.0;21.0;133.0;1.0;960.0;160.0;440.0;134400.0;134.3;1250.0;3.33;375.0;375.0;24.0;0.0;2714.3;0.754;4.5239;409.1;2.05;10.0;2.0;157.1;2.0;113.0;0.26;3.7;21.29;2.0;17.03;0.1023;2.11;0.0989;0.1449;0.1449;0.2172;3.23;2.82;336.36;336.36;625.0;425.0;0.2167;420.45;0.1463;0.3575;0.915;409.0;0.158;0.921;345.0;0.921;345.0;0.1334;383.42;306.73;1097.0;0.22;27.78;1.9;0.41;0.87;1.65;31.22;0.65;0.75;1.0;1.0;1.0;0.0;1.0;0.0;17.5;22.4;18.4;20.0;44.58;221.94;266.51;222.88;1196.0;222.88;1509.0
93;91.0;501.0;21.0;134.0;1.0;960.0;160.0;440.0;134400.0;134.3;1250.0;3.33;375.0;375.0;24.0;0.0;2714.3;0.754;4.5239;390.4;1.95;8.0;2.0;100.5;2.0;113.0;0.26;2.32;20.31;2.0;16.25;0.1159;2.03;0.0998;0.145;0.145;0.143;3.23;2.82;295.16;295.16;625.0;418.0;0.143;368.95;0.1346;0.3288;0.919;390.0;0.158;0.921;345.0;0.921;345.0;0.1335;366.06;292.85;1.01;0.14;22.22;2.45;0.35;0.94;2.3;23.51;0.72;0.69;1.0;1.0;1.0;0.0;1.0;0.0;16.5;21.4;17.4;19.0;43.41;139.42;182.83;217.05;0.842;182.83;1614.0
94;92.0;502.0;21.0;139.0;1.0;960.0;160.0;440.0;134400.0;134.3;1250.0;3.33;375.0;375.0;24.0;0.0;2714.3;0.754;4.5239;409.1;2.05;8.0;2.0;100.5;2.0;113.0;0.26;2.32;15.7;2.0;12.56;0.1125;1.63;0.1038;0.1965;0.1965;0.1851;3.23;2.82;235.32;235.32;625.0;393.0;0.1742;294.15;0.1388;0.3397;0.937;314.0;0.161;0.919;345.0;0.895;336.0;0.1759;372.74;298.19;0.79;0.19;25.48;2.1;0.39;0.87;1.95;27.15;0.67;1.35;0.0;1.0;0.0;0.0;0.0;0.0;11.9;16.5;12.5;14.1;37.45;139.42;176.87;187.25;0.945;176.87;1330.0
95;93.0;503.0;21.0;135.0;1.0;960.0;160.0;440.0;134400.0;134.3;1250.0;3.33;375.0;375.0;24.0;0.0;2714.3;0.754;4.5239;390.4;1.95;8.0;2.0;100.5;2.0;113.0;0.26;2.32;20.31;2.0;16.25;0.1159;2.03;0.0998;0.145;0.145;0.143;3.23;2.82;296.14;296.14;625.0;418.0;0.143;370.18;0.135;0.3298;0.919;390.0;0.158;0.921;345.0;0.921;345.0;0.1335;366.06;292.85;1.01;0.14;22.22;2.45;0.35;0.94;2.31;23.44;0.72;0.69;1.0;1.0;1.0;0.0;1.0;0.0;16.5;21.4;17.4;19.0;43.41;139.42;182.83;217.05;0.842;182.83;1620.0
96;94.0;504.0;22.0;65.0;1.0;900.0;120.0;1050.0;278000.0;432.8;3800.0;4.04;940.0;940.0;24.0;0.0;9047.8;1.0695;8.0211;500.0;2.5;12.0;2.0;226.2;3.0;225.0;0.21;4.02;23.75;1.0;19.0;0.0;2.3;0.0968;0.2252;0.2252;0.2116;6.67;19.35;676.0;695.35;1900.0;480.0;0.2116;2568.8;0.136;0.3435;0.905;329.0;0.164;0.918;863.0;0.876;823.0;0.1971;3723.48;979.86;0.69;0.21;27.39;1.93;0.41;0.84;1.62;31.64;0.62;0.42;1.0;1.0;1.0;0.0;1.0;0.0;20.0;25.0;21.0;22.6;89.07;453.6;542.66;445.33;1219.0;445.33;1518.0
97;95.0;505.0;22.0;66.0;1.0;900.0;120.0;1050.0;278000.0;432.8;3800.0;4.04;940.0;940.0;24.0;0.0;9047.8;1.0695;8.0211;500.0;2.5;12.0;2.0;226.2;3.0;225.0;0.21;4.02;23.75;1.0;19.0;0.0;2.3;0.0968;0.2252;0.2252;0.2116;6.67;19.35;688.0;707.35;1900.0;480.0;0.2116;2614.4;0.1384;0.3502;0.905;335.0;0.167;0.917;862.0;0.876;823.0;0.1971;3723.48;979.86;0.7;0.21;27.39;1.93;0.41;0.86;1.65;31.14;0.63;0.42;1.0;1.0;1.0;0.0;1.0;0.0;20.0;25.0;21.0;22.6;89.07;453.6;542.66;445.33;1219.0;445.33;1545.0
98;96.0;506.0;22.0;67.0;1.0;900.0;120.0;1050.0;278000.0;432.8;3800.0;4.04;940.0;940.0;26.0;0.0;10618.6;1.2552;9.4136;450.0;2.25;12.0;2.0;226.2;3.0;225.0;0.21;4.02;44.65;1.0;35.72;0.0;3.71;0.083;0.1265;0.1265;0.1126;6.67;19.35;990.0;1009.35;1900.0;480.0;0.1126;3762.0;0.1059;0.264;0.821;405.0;0.139;0.931;875.0;0.923;868.0;0.1168;4145.79;1091.0;0.91;0.11;19.6;2.81;0.32;0.84;2.35;23.09;0.59;0.34;1.0;1.0;1.0;0.0;1.0;0.0;40.9;47.0;43.0;44.6;125.12;453.6;578.71;625.59;0.925;578.71;1711.0
99;97.0;507.0;22.0;68.0;1.0;900.0;120.0;1050.0;278000.0;432.8;3800.0;4.04;940.0;940.0;26.0;0.0;10618.6;1.2552;9.4136;450.0;2.25;12.0;2.0;226.2;3.0;225.0;0.21;4.02;44.65;1.0;35.72;0.0;3.71;0.083;0.1265;0.1265;0.1126;6.67;19.35;938.0;957.35;1900.0;480.0;0.1126;3564.4;0.1004;0.2491;0.821;382.0;0.131;0.935;879.0;0.923;868.0;0.1168;4145.79;1091.0;0.86;0.11;19.6;2.81;0.32;0.79;2.21;24.32;0.53;0.33;1.0;1.0;1.0;0.0;1.0;0.0;40.9;47.0;43.0;44.6;125.12;453.6;578.71;625.59;0.925;578.71;1621.0
100;98.0;508.0;22.0;69.0;1.0;900.0;120.0;1050.0;278000.0;432.8;3800.0;4.04;940.0;940.0;30.0;0.0;14137.2;1.6711;12.5329;470.0;2.35;12.0;2.0;226.2;3.0;150.0;0.14;6.03;47.5;1.0;38.0;0.0;3.88;0.0816;0.1653;0.1653;0.1587;6.67;19.35;1181.0;1200.35;1900.0;480.0;0.1587;4487.8;0.1188;0.2994;0.81;367.0;0.159;0.92;865.0;0.898;844.0;0.1485;5608.32;1475.87;0.8;0.16;23.48;2.3;0.37;0.82;1.89;27.93;0.58;0.34;1.0;1.0;1.0;0.0;1.0;0.0;43.7;50.0;46.0;47.6;129.26;680.39;809.65;646.29;1253.0;646.29;1827.0
101;99.0;509.0;22.0;70.0;1.0;900.0;120.0;1050.0;278000.0;432.8;3800.0;4.04;940.0;940.0;30.0;0.0;14137.2;1.6711;12.5329;470.0;2.35;12.0;2.0;226.2;3.0;150.0;0.14;6.03;47.5;1.0;38.0;0.0;3.88;0.0816;0.1653;0.1653;0.1587;6.67;19.35;1239.0;1258.35;1900.0;480.0;0.1587;4708.2;0.1246;0.3156;0.81;387.0;0.168;0.916;861.0;0.898;844.0;0.1485;5608.32;1475.87;0.84;0.16;23.48;2.3;0.37;0.86;1.99;26.7;0.63;0.36;1.0;1.0;1.0;0.0;1.0;0.0;43.7;50.0;46.0;47.6;129.26;680.39;809.65;646.29;1253.0;646.29;1917.0
102;100.0;510.0;22.0;71.0;1.0;900.0;120.0;1050.0;278000.0;432.8;3800.0;4.04;940.0;940.0;30.0;0.0;14137.2;1.6711;12.5329;470.0;2.35;12.0;2.0;226.2;3.0;150.0;0.14;6.03;57.0;1.0;45.6;0.0;4.27;0.0748;0.1378;0.1378;0.1323;6.67;19.35;1330.0;1349.35;1900.0;480.0;0.1323;5054.0;0.1115;0.2806;0.772;413.0;0.157;0.922;866.0;0.911;856.0;0.1255;5688.41;1496.95;0.89;0.13;21.33;2.56;0.34;0.83;2.12;25.24;0.58;0.35;1.0;1.0;1.0;0.0;1.0;0.0;53.2;60.0;56.0;57.6;142.19;680.39;822.58;710.95;1157.0;710.95;1871.0
103;101.0;511.0;23.0;19.0;1.0;700.0;120.0;600.0;159600.0;261.1;1500.0;2.78;540.0;540.0;20.0;0.0;2513.3;0.6649;3.8785;616.3;3.08;8.0;2.0;100.5;2.0;160.0;0.27;3.53;24.42;1.0;19.53;0.0829;2.35;0.0962;0.1678;0.1678;0.1807;3.83;6.7;435.0;441.7;750.0;674.0;0.1807;652.5;0.1309;0.3731;0.902;522.0;0.158;0.921;497.0;0.907;490.0;0.1522;758.58;505.72;0.86;0.18;25.15;2.13;0.38;0.97;2.06;25.84;0.76;0.46;1.0;1.0;0.0;1.0;1.0;0.0;20.6;25.7;21.7;23.3;51.95;228.68;280.63;259.76;1080.0;259.76;1675.0
104;102.0;512.0;24.0;20.0;1.0;700.0;120.0;600.0;159600.0;261.1;1500.0;2.78;540.0;540.0;20.0;0.0;2513.3;0.6649;3.8785;623.1;3.12;8.0;2.0;100.5;2.0;160.0;0.27;3.39;25.27;1.0;20.22;0.1061;2.41;0.0955;0.1639;0.1639;0.1676;3.83;6.7;435.0;441.7;750.0;647.0;0.1676;652.5;0.1265;0.3594;0.899;520.0;0.152;0.924;499.0;0.909;491.0;0.149;768.48;512.32;0.85;0.17;24.16;2.23;0.37;0.96;2.14;25.0;0.75;0.44;1.0;1.0;0.0;1.0;1.0;0.0;21.5;26.6;22.6;24.2;52.95;219.52;272.47;264.73;1029.0;264.73;1643.0
105;103.0;523.0;25.0;72.0;1.0;650.0;86.3;490.0;90550.0;168.0;1150.0;2.89;450.0;397.5;16.0;0.0;402.1;0.1375;1.0355;400.0;2.0;6.2;1.0;30.2;2.0;152.0;0.31;1.48;38.1;1.0;30.48;0.0;3.3;0.0866;0.0144;0.0646;0.0487;2.17;2.01;126.0;128.01;575.0;0.0;0.0;144.9;0.037;0.1233;0.848;235.0;0.045;0.978;389.0;0.962;382.0;0.0621;243.05;211.34;0.6;0.05;12.75;4.42;0.22;0.57;0.0;0.0;0.0;0.55;0.0;0.0;0.0;0.0;0.0;0.0;34.3;40.1;36.1;37.7;39.6;57.65;97.25;198.02;0.491;97.25;1296.0
106;104.0;525.0;26.0;63.0;0.0;599.4;149.9;320.0;84503.0;108.4;977.3;3.5;279.4;279.4;15.9;0.0;791.7;0.4727;1.8909;641.4;3.21;5.6;2.0;48.5;0.0;152.4;0.48;0.66;38.66;1.0;30.92;0.0;3.33;0.0863;0.0784;0.0784;0.0213;2.03;1.02;120.1;121.11;489.0;310.0;0.0213;117.37;0.0649;0.0966;0.845;553.0;0.08;0.96;268.0;0.954;266.0;0.0748;135.3;138.44;0.87;0.02;8.39;6.78;0.14;0.67;4.53;12.44;0.37;0.34;1.0;1.0;1.0;0.0;1.0;0.0;34.9;40.7;36.7;38.3;43.03;27.59;70.62;215.16;0.328;70.62;1701.0
107;154.0;534.0;45.0;126.0;1.0;400.0;110.0;355.0;62250.0;126.3;1050.0;3.52;298.0;298.0;20.0;0.0;1256.6;1.0542;3.8335;441.5;2.21;8.0;2.0;100.5;2.0;150.0;0.42;1.66;31.69;1.0;25.35;0.0;2.87;0.0907;0.1469;0.1469;0.0655;1.49;1.46;137.34;138.8;525.0;255.0;0.0325;144.21;0.1281;0.1796;0.873;418.0;0.159;0.92;274.0;0.916;273.0;0.1345;151.41;144.2;0.95;0.07;14.83;3.78;0.25;0.73;5.53;10.24;0.82;0.48;1.0;1.0;1.0;0.0;1.0;0.0;27.9;33.4;29.4;31.0;30.29;54.47;84.76;151.45;0.56;84.76;1620.0
108;155.0;535.0;45.0;127.0;1.0;400.0;110.0;355.0;62250.0;126.3;1050.0;3.52;298.0;298.0;20.0;0.0;1256.6;1.0542;3.8335;447.3;2.24;8.0;2.0;100.5;2.0;150.0;0.42;1.66;28.98;1.0;23.19;0.0;2.68;0.0926;0.1627;0.1627;0.0717;1.49;1.46;141.26;142.72;525.0;273.0;0.0717;148.33;0.1441;0.2041;0.884;435.0;0.179;0.911;271.0;0.908;271.0;0.1477;152.1;144.86;0.98;0.07;15.53;3.6;0.26;0.79;2.85;19.34;0.52;0.53;1.0;1.0;1.0;0.0;1.0;0.0;25.2;30.5;26.5;28.1;28.87;54.47;83.33;144.33;0.577;83.33;1695.0
109;156.0;536.0;45.0;128.0;1.0;400.0;110.0;355.0;62250.0;126.3;1050.0;3.52;298.0;298.0;20.0;0.0;1256.6;1.0542;3.8335;444.4;2.22;8.0;2.0;100.5;2.0;150.0;0.42;1.66;28.98;1.0;23.19;0.0;2.68;0.0926;0.1616;0.1616;0.0717;1.49;1.46;154.02;155.47;525.0;273.0;0.0717;161.72;0.1571;0.223;0.884;444.0;0.183;0.909;271.0;0.909;271.0;0.1469;151.2;144.0;1.07;0.07;15.53;3.6;0.26;0.86;3.11;17.81;0.61;0.58;1.0;1.0;1.0;0.0;1.0;0.0;25.2;30.5;26.5;28.1;28.87;54.47;83.33;144.33;0.577;83.33;1848.0
110;105.0;553.0;29.0;143.0;1.0;150.0;150.0;360.0;54000.0;180.0;1550.0;5.0;310.0;310.0;16.0;0.0;1608.5;3.4591;3.4591;450.0;2.25;4.0;2.0;25.1;2.0;70.0;0.19;0.61;57.95;1.0;46.36;0.0;4.29;0.074;0.2686;0.2686;0.0132;1.3;1.26;129.2;130.46;775.0;0.0;0.0;200.26;0.2397;0.0726;0.768;450.0;0.35;0.825;256.0;0.825;256.0;0.2217;185.16;119.46;1.08;0.01;6.59;8.66;0.11;0.64;0.0;0.0;0.0;0.0;0.0;1.0;0.0;0.0;0.0;0.0;54.2;61.0;57.0;58.6;59.12;28.38;87.5;295.61;0.296;87.5;1477.0
111;106.0;556.0;29.0;144.0;1.0;150.0;150.0;360.0;54000.0;180.0;1550.0;5.0;310.0;310.0;20.0;0.0;2060.9;4.432;4.432;434.8;2.17;4.0;2.0;25.1;2.0;60.0;0.17;0.71;77.9;1.0;62.32;0.0;4.76;0.0612;0.2473;0.2473;0.0114;1.3;1.26;125.4;126.66;775.0;0.0;0.0;194.37;0.1731;0.0508;0.688;357.0;0.295;0.853;264.0;0.82;254.0;0.2029;227.85;147.0;0.85;0.01;6.14;9.3;0.11;0.48;0.0;0.0;0.0;0.0;0.0;1.0;0.0;0.0;0.0;0.0;74.1;82.0;78.0;79.6;68.91;33.11;102.02;344.53;0.296;102.02;1229.0
112;107.0;559.0;29.0;141.0;1.0;150.0;150.0;360.0;54000.0;180.0;930.0;3.0;310.0;310.0;16.0;0.0;1206.4;2.5943;2.5943;450.0;2.25;4.0;2.0;25.1;2.0;70.0;0.19;0.61;71.25;1.0;57.0;0.0;4.62;0.0648;0.1639;0.1639;0.0107;1.3;0.86;155.9;156.76;465.0;0.0;0.0;144.99;0.1412;0.0662;0.715;436.0;0.222;0.889;276.0;0.885;274.0;0.1451;149.01;160.22;0.97;0.01;5.94;9.61;0.1;0.64;0.0;0.0;0.0;0.01;0.0;1.0;0.0;0.0;0.0;0.0;67.5;75.0;71.0;72.6;65.81;28.38;94.19;329.03;0.286;94.19;1655.0
113;108.0;561.0;29.0;140.0;1.0;150.0;150.0;360.0;54000.0;180.0;930.0;3.0;310.0;310.0;20.0;0.0;1432.6;3.0808;3.0808;439.0;2.2;4.0;2.0;25.1;2.0;80.0;0.22;0.53;69.35;1.0;55.48;0.0;4.57;0.0659;0.195;0.195;0.0096;1.3;0.86;142.9;143.76;465.0;0.0;0.0;132.9;0.1329;0.0617;0.723;333.0;0.205;0.898;278.0;0.865;268.0;0.1687;168.66;181.36;0.79;0.01;5.63;10.14;0.1;0.63;0.0;0.0;0.0;0.01;0.0;1.0;0.0;0.0;0.0;0.0;65.6;73.0;69.0;70.6;64.89;24.83;89.73;324.47;0.277;89.73;1593.0
114;109.0;562.0;29.0;142.0;1.0;150.0;150.0;360.0;54000.0;180.0;930.0;3.0;310.0;310.0;20.0;0.0;1432.6;3.0808;3.0808;439.0;2.2;4.0;2.0;25.1;2.0;60.0;0.17;0.71;69.35;1.0;55.48;0.0;4.57;0.0659;0.195;0.195;0.0128;1.3;0.86;179.2;180.06;465.0;0.0;0.0;166.66;0.1667;0.0801;0.723;433.0;0.266;0.867;269.0;0.865;268.0;0.1687;168.66;181.36;0.99;0.01;6.51;8.77;0.11;0.71;0.0;0.0;0.0;0.01;0.0;1.0;0.0;0.0;0.0;0.0;65.6;73.0;69.0;70.6;64.89;33.11;98.01;324.47;0.302;98.01;1828.0
115;110.0;564.0;30.0;146.0;1.0;175.0;175.0;353.0;61775.0;176.5;1150.0;3.57;322.0;322.0;16.0;0.0;603.2;1.0704;1.0704;977.0;4.89;6.0;2.0;56.5;0.0;150.0;0.42;0.7;36.1;1.0;28.88;0.0;3.17;0.0878;0.2897;0.2897;0.0241;1.48;0.93;100.93;100.93;575.0;323.0;0.0241;116.07;0.1772;0.0703;0.856;677.0;0.235;0.883;284.0;0.831;267.0;0.2407;157.63;137.07;0.74;0.02;8.93;6.36;0.15;0.46;2.92;18.93;0.18;0.37;1.0;1.0;1.0;0.0;1.0;0.0;32.3;38.0;34.0;35.6;55.84;39.21;95.05;279.21;0.34;95.05;1062.0
116;111.0;565.0;30.0;148.0;1.0;301.0;120.0;307.0;60732.0;151.9;900.0;3.24;278.0;278.0;16.0;0.0;1005.3;1.2014;3.0135;990.0;4.95;8.0;2.0;100.5;0.0;100.0;0.33;3.07;40.85;1.0;32.68;0.0;3.47;0.085;0.2912;0.2912;0.0938;1.46;0.73;190.73;190.73;450.0;366.0;0.0938;171.66;0.1806;0.1995;0.837;700.0;0.246;0.877;244.0;0.826;230.0;0.2405;228.53;253.93;0.75;0.09;17.84;3.11;0.29;0.68;2.13;25.19;0.41;0.4;1.0;1.0;1.0;0.0;1.0;0.0;37.1;43.0;39.0;40.6;35.3;102.29;137.59;176.52;0.779;137.59;1386.0
117;112.0;593.0;31.0;64.0;1.0;152.0;152.0;305.0;46360.0;152.5;876.9;3.45;254.0;254.0;16.0;0.0;1608.5;4.1662;4.1662;630.0;3.15;6.3;2.0;62.3;0.0;102.0;0.33;1.13;45.08;0.0;36.06;0.0;3.73;0.0828;0.5823;0.5823;0.0312;1.11;0.53;153.0;153.53;438.0;0.0;0.0;134.17;0.3035;0.1456;0.82;435.0;0.491;0.755;192.0;0.711;181.0;0.3367;148.82;169.72;0.9;0.03;10.18;5.57;0.17;0.84;0.0;0.0;0.0;0.25;0.0;1.0;0.0;0.0;0.0;0.0;41.3;47.4;43.4;45.0;43.04;43.47;86.51;215.19;0.402;86.51;1769.0
118;113.0;605.0;31.0;126.0;1.0;610.0;152.0;305.0;81168.0;103.4;889.4;3.5;254.0;254.0;16.0;0.0;1608.5;1.0381;4.1662;630.0;3.15;9.5;2.0;142.5;0.0;114.0;0.37;2.22;26.33;0.0;21.06;0.0;2.49;0.0947;0.2484;0.2484;0.1054;1.95;0.91;205.0;205.91;445.0;270.0;0.1054;182.33;0.176;0.2835;0.895;502.0;0.221;0.889;226.0;0.861;219.0;0.2139;221.65;249.22;0.82;0.11;18.95;2.91;0.31;0.92;2.69;20.4;0.69;0.46;1.0;1.0;1.0;0.0;1.0;0.0;22.5;27.7;23.7;25.3;32.26;85.73;117.99;161.3;0.731;117.99;1737.0
119;114.0;608.0;31.0;128.0;1.0;610.0;152.0;305.0;81168.0;103.4;889.4;3.5;254.0;254.0;16.0;0.0;1608.5;1.0381;4.1662;630.0;3.15;6.3;2.0;62.3;0.0;102.0;0.33;1.13;20.25;0.0;16.2;0.0;2.02;0.0998;0.323;0.323;0.0695;1.95;0.91;154.0;154.91;445.0;280.0;0.0695;136.97;0.1719;0.2749;0.919;374.0;0.209;0.896;227.0;0.824;209.0;0.2662;212.16;238.55;0.65;0.07;15.29;3.66;0.25;1.08;3.96;14.19;0.93;0.43;1.0;1.0;1.0;0.0;1.0;0.0;16.5;21.3;17.3;18.9;27.89;43.47;71.36;139.45;0.512;71.36;2158.0
120;115.0;613.0;31.0;118.0;1.0;610.0;152.0;305.0;81168.0;103.4;1803.8;7.1;254.0;254.0;16.0;0.0;1608.5;1.0381;4.1662;630.0;3.15;6.3;2.0;62.3;0.0;102.0;0.33;1.13;33.53;0.0;26.82;0.0;3.0;0.0894;0.1951;0.1951;0.042;1.95;1.81;134.0;135.81;902.0;280.0;0.042;241.71;0.1832;0.1458;0.866;630.0;0.225;0.887;225.0;0.887;225.0;0.1731;228.4;126.62;1.06;0.04;11.82;4.78;0.2;0.73;3.47;16.06;0.44;0.25;1.0;1.0;1.0;0.0;1.0;0.0;29.7;35.3;31.3;32.9;36.77;43.47;80.25;183.87;0.436;80.25;1670.0
121;116.0;615.0;31.0;119.0;1.0;610.0;152.0;305.0;81168.0;103.4;1346.6;5.3;254.0;254.0;16.0;0.0;1608.5;1.0381;4.1662;630.0;3.15;6.3;2.0;62.3;0.0;102.0;0.33;1.13;30.08;0.0;24.06;0.0;2.76;0.0918;0.2175;0.2175;0.0468;1.95;1.36;138.0;139.36;673.0;280.0;0.0468;185.83;0.157;0.1649;0.88;505.0;0.198;0.901;229.0;0.876;223.0;0.1906;225.58;167.52;0.82;0.05;12.49;4.51;0.21;0.78;3.52;15.84;0.5;0.28;1.0;1.0;1.0;0.0;1.0;0.0;26.3;31.7;27.7;29.3;34.69;43.47;78.16;173.43;0.451;78.16;1766.0
122;117.0;620.0;31.0;120.0;1.0;610.0;152.0;305.0;81168.0;103.4;889.4;3.5;254.0;254.0;16.0;0.0;1608.5;1.0381;4.1662;630.0;3.15;6.3;2.0;62.3;0.0;102.0;0.33;1.13;49.28;0.0;39.42;0.0;3.98;0.0808;0.1327;0.1327;0.0286;1.95;0.91;179.0;179.91;445.0;280.0;0.0286;159.2;0.0821;0.1243;0.803;412.0;0.108;0.946;240.0;0.917;233.0;0.1218;236.12;265.48;0.67;0.03;9.73;5.83;0.17;0.75;4.35;12.94;0.46;0.24;1.0;1.0;1.0;0.0;1.0;0.0;45.5;51.9;47.9;49.5;45.1;43.47;88.57;225.51;0.393;88.57;2021.0
123;118.0;621.0;31.0;121.0;1.0;610.0;152.0;305.0;81168.0;103.4;889.4;3.5;254.0;254.0;16.0;0.0;1608.5;1.0381;4.1662;630.0;3.15;6.3;2.0;62.3;0.0;102.0;0.33;1.13;12.9;0.0;10.32;0.0;1.36;0.1056;0.507;0.507;0.1091;1.95;0.91;132.0;132.91;445.0;280.0;0.1091;117.4;0.2313;0.3862;0.948;335.0;0.284;0.858;218.0;0.733;186.0;0.3715;188.59;212.05;0.62;0.11;19.29;2.86;0.31;1.24;3.54;15.78;1.18;0.58;0.0;1.0;0.0;0.0;0.0;0.0;9.1;13.6;9.6;11.2;21.44;43.47;64.91;107.2;0.606;64.91;2034.0
124;119.0;625.0;31.0;122.0;1.0;610.0;152.0;305.0;81168.0;103.4;889.4;3.5;254.0;254.0;16.0;0.0;1608.5;1.0381;4.1662;630.0;3.15;9.5;2.0;142.5;0.0;114.0;0.37;2.22;26.7;0.0;21.36;0.0;2.52;0.0944;0.245;0.245;0.104;1.95;0.91;216.0;216.91;445.0;270.0;0.104;192.11;0.1828;0.2962;0.893;532.0;0.231;0.884;225.0;0.863;219.0;0.2114;222.1;249.72;0.86;0.1;18.81;2.94;0.31;0.97;2.85;19.34;0.76;0.48;1.0;1.0;1.0;0.0;1.0;0.0;22.9;28.1;24.1;25.7;32.51;85.73;118.24;162.56;0.727;118.24;1827.0
125;120.0;629.0;31.0;123.0;1.0;610.0;152.0;305.0;111396.0;104.9;889.4;3.5;254.0;254.0;16.0;0.0;1608.5;1.0381;4.1662;630.0;3.15;6.3;2.0;62.3;0.0;102.0;0.33;1.13;21.3;0.0;17.04;0.0;2.11;0.0989;0.3071;0.3071;0.0661;2.67;1.26;179.0;180.26;445.0;280.0;0.0661;159.2;0.1899;0.3084;0.915;442.0;0.235;0.882;224.0;0.832;211.0;0.2555;214.19;240.83;0.74;0.07;14.9;3.76;0.25;1.24;4.67;12.09;1.2;0.48;0.0;1.0;0.0;0.0;0.0;0.0;17.5;22.4;18.4;20.0;28.69;43.47;72.16;143.46;0.503;72.16;2481.0
126;121.0;630.0;31.0;124.0;1.0;610.0;152.0;305.0;81168.0;103.4;889.4;3.5;254.0;254.0;16.0;0.0;1608.5;1.0381;4.1662;630.0;3.15;9.5;2.0;142.5;0.0;114.0;0.37;2.22;28.5;0.0;22.8;0.0;2.65;0.093;0.2295;0.2295;0.0974;1.95;0.91;209.0;209.91;445.0;270.0;0.0974;185.88;0.1657;0.2651;0.886;508.0;0.209;0.896;227.0;0.87;221.0;0.1998;224.06;251.92;0.83;0.1;18.18;3.04;0.3;0.89;2.72;20.17;0.66;0.44;1.0;1.0;1.0;0.0;1.0;0.0;24.7;30.0;26.0;27.6;33.69;85.73;119.42;168.44;0.709;119.42;1750.0
127;122.0;631.0;31.0;125.0;1.0;610.0;152.0;305.0;111396.0;104.9;889.4;3.5;254.0;254.0;16.0;0.0;1608.5;1.0381;4.1662;630.0;3.15;9.5;2.0;142.5;0.0;114.0;0.37;2.22;29.18;0.0;23.34;0.0;2.7;0.0925;0.2242;0.2242;0.0951;2.67;1.26;238.0;239.26;445.0;270.0;0.0951;211.68;0.1844;0.2996;0.883;588.0;0.237;0.882;224.0;0.873;222.0;0.1957;224.73;252.68;0.94;0.1;17.97;3.08;0.29;1.02;3.15;17.62;0.83;0.49;1.0;1.0;1.0;0.0;1.0;0.0;25.4;30.7;26.7;28.3;34.12;85.73;119.85;170.6;0.703;119.85;1986.0
128;123.0;637.0;31.0;149.0;1.0;610.0;64.0;305.0;76786.0;113.3;890.0;3.33;267.0;267.0;16.0;0.0;1608.5;0.9876;9.413;630.0;3.15;10.0;2.0;157.1;2.0;114.0;0.37;15.16;28.41;1.0;22.72;0.0951;2.64;0.0931;0.219;0.219;0.667;1.84;0.87;160.0;160.87;445.0;320.0;0.3032;142.4;0.1153;0.443;0.886;356.0;0.14;0.93;248.0;0.876;234.0;0.192;237.13;266.44;0.6;0.67;54.76;0.71;0.47;0.94;1.46;34.39;0.76;0.29;1.0;0.0;0.0;0.0;0.0;1.0;24.6;29.9;25.9;27.5;14.88;259.0;273.88;74.42;3680.0;74.42;2150.0
129;124.0;639.0;31.0;150.0;1.0;610.0;64.0;305.0;76786.0;113.3;890.0;3.33;267.0;267.0;16.0;0.0;1608.5;0.9876;9.413;630.0;3.15;10.0;2.0;157.1;2.0;114.0;0.37;15.16;43.23;1.0;34.58;0.0766;3.62;0.0837;0.1439;0.1439;0.4383;1.84;0.87;199.0;199.87;445.0;0.0;0.0;177.11;0.0942;0.3585;0.827;439.0;0.121;0.939;251.0;0.913;244.0;0.1314;247.02;277.55;0.72;0.44;41.46;1.13;0.5;0.72;0.0;0.0;0.0;0.26;0.0;0.0;0.0;0.0;0.0;0.0;39.4;45.5;41.5;43.1;18.63;259.0;277.63;93.16;2980.0;93.16;2136.0
130;125.0;640.0;31.0;151.0;1.0;610.0;64.0;305.0;76786.0;113.3;890.0;3.33;267.0;267.0;16.0;0.0;1608.5;0.9876;9.413;630.0;3.15;10.0;2.0;157.1;2.0;76.0;0.25;22.74;32.59;1.0;26.07;0.0895;2.94;0.0901;0.1909;0.1909;0.8722;1.84;0.87;190.0;190.87;445.0;368.0;0.4559;169.1;0.1193;0.4607;0.87;425.0;0.148;0.926;247.0;0.89;238.0;0.17;240.86;270.63;0.7;0.87;69.05;0.38;0.33;1.38;1.01;44.7;0.74;0.31;1.0;0.0;0.0;0.0;0.0;1.0;28.8;34.3;30.3;31.9;16.03;388.5;404.53;80.15;5047.0;80.15;2371.0
131;126.0;642.0;31.0;152.0;1.0;610.0;64.0;305.0;76786.0;113.3;890.0;3.33;267.0;267.0;16.0;0.0;1608.5;0.9876;9.413;630.0;3.15;8.0;2.0;100.5;2.0;76.0;0.25;14.28;32.59;1.0;26.07;0.0925;2.94;0.0901;0.1909;0.1909;0.5479;1.84;0.87;162.0;162.87;445.0;0.0;0.0;144.18;0.1018;0.3879;0.87;358.0;0.125;0.938;250.0;0.89;238.0;0.17;240.86;270.63;0.6;0.55;47.75;0.91;0.5;0.78;0.0;0.0;0.0;0.26;0.0;0.0;0.0;0.0;0.0;0.0;28.8;34.3;30.3;31.9;16.03;244.05;260.08;80.15;3245.0;80.15;2021.0
132;127.0;643.0;32.0;74.0;1.0;900.0;250.0;510.0;208750.0;180.1;1290.0;3.0;430.0;430.0;26.0;0.0;4247.4;1.0975;3.9511;469.0;2.35;11.0;2.0;190.1;2.0;100.0;0.2;4.26;23.23;0.0;18.59;0.0;2.26;0.0972;0.2216;0.2216;0.2291;5.01;6.46;594.78;601.24;645.0;560.0;0.2291;767.27;0.1985;0.3391;0.907;469.0;0.244;0.878;377.0;0.878;377.0;0.1945;751.96;582.92;1.02;0.23;28.6;1.83;0.42;0.81;1.48;34.04;0.58;2.0;0.0;1.0;0.0;0.0;0.0;0.0;19.4;24.5;20.5;22.1;83.85;457.68;541.53;419.24;1292.0;419.24;1419.0
133;128.0;646.0;28.0;73.0;1.0;950.0;450.0;600.0;345000.0;251.1;1644.0;3.0;548.0;548.0;26.0;0.0;3355.2;0.6445;1.3606;746.0;3.73;8.5;2.0;113.5;2.0;75.0;0.13;1.87;21.03;0.0;16.82;0.0;2.08;0.0991;0.2287;0.2287;0.1113;8.28;13.61;744.73;758.34;822.0;557.0;0.1113;1224.34;0.2041;0.2051;0.916;746.0;0.25;0.875;480.0;0.875;480.0;0.2001;1200.41;730.18;1.02;0.11;19.49;2.83;0.31;0.65;1.84;28.49;0.39;2.69;0.0;1.0;0.0;0.0;0.0;0.0;17.2;22.1;18.1;19.7;181.94;461.88;643.83;909.71;0.708;643.83;1157.0
134;129.0;647.0;33.0;114.0;1.0;838.0;77.0;648.0;207323.0;318.2;2520.0;4.27;590.0;590.0;28.0;0.0;6157.5;1.2454;13.5539;514.6;2.57;8.0;2.0;99.4;2.0;108.0;0.17;6.16;57.57;0.0;46.05;0.075;4.28;0.0744;0.1113;0.1113;0.1337;4.98;6.67;536.67;536.67;1260.0;515.0;0.1337;1352.4;0.0805;0.2715;0.77;394.0;0.111;0.945;557.0;0.928;547.0;0.1033;1734.31;688.22;0.78;0.13;21.44;2.55;0.34;0.8;2.03;26.21;0.55;0.1;1.0;0.0;0.0;0.0;0.0;1.0;53.8;60.6;56.6;58.2;57.56;279.65;337.22;287.81;1172.0;287.81;1865.0
135;130.0;648.0;33.0;113.0;1.0;837.0;77.0;650.0;209760.0;333.1;2515.0;4.27;589.0;589.0;28.0;0.0;7081.1;1.4364;15.6134;514.0;2.57;10.0;2.0;162.8;2.0;126.0;0.19;9.21;57.57;0.0;46.05;0.075;4.28;0.0744;0.1283;0.1283;0.2;5.03;6.73;681.73;681.73;1258.0;549.0;0.2;1714.56;0.1026;0.3516;0.77;443.0;0.144;0.928;547.0;0.917;540.0;0.1176;1965.35;781.45;0.87;0.2;26.57;2.0;0.4;0.88;1.76;29.63;0.65;0.12;1.0;0.0;0.0;0.0;0.0;1.0;53.8;60.6;56.6;58.2;57.46;417.8;475.27;287.32;1654.0;287.32;2373.0
136;131.0;658.0;34.0;21.0;0.0;457.2;457.2;870.0;397741.0;435.0;2219.3;2.91;762.0;762.0;32.3;0.0;6538.1;1.8767;1.8767;472.4;2.36;9.5;2.0;142.5;2.0;196.9;0.23;0.7;68.79;1.0;55.03;0.0551;4.56;0.0663;0.1289;0.1289;0.0128;9.55;11.23;787.83;799.06;1110.0;445.0;0.0128;1748.45;0.0957;0.0442;0.725;378.0;0.142;0.929;708.0;0.911;694.0;0.1174;2144.36;966.22;0.82;0.01;6.5;8.78;0.11;0.39;3.45;16.15;0.13;0.71;1.0;1.0;1.0;0.0;1.0;0.0;65.0;72.4;68.4;70.0;484.17;245.58;729.75;2420.86;0.301;729.75;1080.0
137;132.0;660.0;34.0;23.0;0.0;457.2;457.2;870.0;397741.0;435.0;2219.3;2.91;762.0;762.0;32.3;0.0;8172.7;2.3459;2.3459;472.4;2.36;9.5;2.0;142.5;2.0;196.9;0.23;0.7;119.04;1.0;95.24;0.0426;5.52;0.0464;0.0931;0.0931;0.0074;9.55;11.23;749.4;760.63;1110.0;445.0;0.0074;1663.16;0.0526;0.0239;0.524;282.0;0.106;0.947;722.0;0.911;694.0;0.0848;2680.57;1207.83;0.62;0.01;4.94;11.58;0.09;0.28;3.22;17.24;0.07;0.44;1.0;1.0;1.0;0.0;1.0;0.0;115.2;125.3;121.3;122.9;641.51;245.58;887.09;3207.54;0.277;887.09;0.845
138;133.0;661.0;34.0;3.0;0.0;457.2;457.2;870.0;397741.0;435.0;2219.3;2.91;762.0;762.0;35.8;0.0;10073.9;2.8916;2.8916;431.0;2.16;9.5;2.0;142.5;2.0;133.4;0.15;1.04;119.04;1.0;95.24;0.0426;5.52;0.0464;0.1047;0.1047;0.0109;9.55;11.23;1172.14;1183.37;1110.0;445.0;0.0109;2601.35;0.0823;0.0387;0.524;371.0;0.172;0.914;696.0;0.9;686.0;0.0942;2978.08;1341.88;0.87;0.01;6.0;9.51;0.1;0.37;3.54;15.79;0.12;0.63;1.0;1.0;1.0;0.0;1.0;0.0;115.2;125.3;121.3;122.9;641.51;362.53;1004.03;3207.54;0.313;1004.03;1167.0
139;136.0;671.0;36.0;31.0;1.0;180.0;180.0;270.0;48600.0;135.0;582.5;2.5;233.0;233.0;25.0;0.0;1182.8;2.8202;2.8202;502.3;2.51;4.0;2.0;25.1;0.0;75.0;0.28;1.53;76.1;1.0;60.88;0.0;4.73;0.0621;0.1862;0.1862;0.0251;1.17;0.57;206.9;207.47;291.0;820.0;0.0251;120.52;0.1621;0.0936;0.696;502.0;0.268;0.866;202.0;0.866;202.0;0.1612;119.9;205.84;1.01;0.03;9.11;6.24;0.16;0.6;3.73;15.01;0.3;0.63;1.0;1.0;0.0;1.0;1.0;0.0;72.3;80.1;76.1;77.7;61.4;64.02;125.43;307.01;0.409;125.43;1650.0
140;137.0;674.0;1.0;33.0;1.0;180.0;180.0;270.0;48600.0;135.0;582.5;2.5;233.0;233.0;25.0;0.0;1470.0;3.5051;3.5051;543.0;2.72;4.0;2.0;25.1;0.0;100.0;0.37;1.14;70.49;1.0;56.39;0.0;4.6;0.0653;0.27;0.27;0.0203;1.17;0.57;247.2;247.77;291.0;820.0;0.0203;143.99;0.209;0.127;0.718;511.0;0.354;0.823;192.0;0.812;189.0;0.2192;151.02;259.26;0.95;0.02;8.19;6.95;0.14;0.9;6.25;9.08;0.65;0.64;1.0;1.0;0.0;1.0;1.0;0.0;66.7;74.2;70.2;71.8;59.03;48.02;107.04;295.13;0.363;107.04;2309.0
141;138.0;675.0;1.0;34.0;1.0;180.0;180.0;270.0;48600.0;135.0;582.5;2.5;233.0;233.0;25.0;0.0;1470.0;3.5051;3.5051;543.0;2.72;4.0;2.0;25.1;0.0;75.0;0.28;1.53;71.92;1.0;57.53;0.0;4.63;0.0644;0.2647;0.2647;0.0265;1.17;0.57;220.7;221.27;291.0;820.0;0.0265;128.56;0.1829;0.1078;0.712;442.0;0.303;0.849;198.0;0.814;190.0;0.2155;151.44;259.98;0.85;0.03;9.37;6.06;0.16;0.67;4.06;13.83;0.37;0.57;1.0;1.0;0.0;1.0;1.0;0.0;68.1;75.7;71.7;73.3;59.64;64.02;123.66;298.19;0.415;123.66;1785.0
142;139.0;685.0;38.0;54.0;1.0;125.0;125.0;250.0;31250.0;125.0;526.3;2.45;215.0;215.0;25.4;0.0;1013.4;3.7708;3.7708;410.1;2.05;6.4;2.0;63.3;2.0;86.0;0.34;2.16;49.4;1.0;39.52;0.0;3.99;0.0807;0.313;0.313;0.0546;0.75;0.21;149.32;149.32;263.0;0.0;0.0;78.58;0.2753;0.1747;0.802;410.0;0.39;0.805;173.0;0.805;173.0;0.252;71.92;136.66;1.09;0.05;13.51;4.16;0.23;0.77;0.0;0.0;0.0;0.9;0.0;1.0;0.0;0.0;0.0;0.0;45.6;52.0;48.0;49.6;31.44;57.94;89.38;157.18;0.569;89.38;1671.0
143;140.0;697.0;27.0;47.0;1.0;125.0;125.0;250.0;31250.0;125.0;526.3;2.45;215.0;215.0;25.4;0.0;1013.4;3.7708;3.7708;410.1;2.05;6.4;2.0;63.3;2.0;86.0;0.34;2.16;69.35;1.0;55.48;0.0;4.57;0.0659;0.223;0.223;0.0389;0.75;0.21;149.32;149.32;263.0;366.0;0.0389;78.58;0.1961;0.1184;0.723;410.0;0.309;0.846;182.0;0.846;182.0;0.1886;75.56;143.58;1.04;0.04;11.37;4.97;0.19;0.61;3.05;18.17;0.32;0.77;1.0;1.0;0.0;1.0;1.0;0.0;65.6;73.0;69.0;70.6;37.51;57.94;95.45;187.53;0.509;95.45;1564.0
144;141.0;702.0;39.0;116.0;1.0;400.0;110.0;355.0;62250.0;126.3;1050.0;3.52;298.0;298.0;20.0;0.0;1256.6;1.0542;3.8335;419.9;2.1;6.0;2.0;56.5;0.0;150.0;0.42;1.2;32.53;1.0;26.02;0.0;2.93;0.0901;0.1361;0.1361;0.046;1.49;1.46;140.76;140.76;525.0;349.0;0.046;147.8;0.1279;0.179;0.87;420.0;0.156;0.922;275.0;0.922;275.0;0.1254;144.93;138.03;1.02;0.05;12.38;4.55;0.21;0.85;3.89;14.41;0.59;0.49;1.0;1.0;1.0;0.0;1.0;0.0;28.7;34.2;30.2;31.8;30.72;39.23;69.95;153.6;0.455;69.95;2012.0
145;142.0;706.0;39.0;115.0;1.0;400.0;110.0;355.0;62250.0;126.3;1050.0;3.52;298.0;298.0;20.0;0.0;1256.6;1.0542;3.8335;457.1;2.29;5.0;2.0;39.3;0.0;117.0;0.33;1.21;23.67;1.0;18.94;0.0;2.29;0.0969;0.2036;0.2036;0.064;1.49;1.46;130.95;130.95;525.0;0.0;0.0;137.5;0.1635;0.2345;0.905;408.0;0.201;0.9;268.0;0.888;264.0;0.1807;151.94;144.71;0.9;0.06;14.66;3.82;0.24;0.96;0.0;0.0;0.0;0.59;0.0;1.0;0.0;0.0;0.0;0.0;19.9;24.9;20.9;22.5;25.84;39.74;65.57;129.18;0.508;65.57;1997.0
146;143.0;711.0;40.0;4.0;1.0;500.0;90.0;700.0;165500.0;335.5;1654.3;2.56;647.1;647.1;25.0;0.0;3573.6;1.1045;6.1359;600.0;3.0;8.0;2.0;100.5;2.0;165.0;0.24;4.06;83.0;2.0;66.4;0.0737;4.87;0.0587;0.0798;0.0798;0.0612;3.97;3.42;548.0;551.42;827.0;600.0;0.0612;906.56;0.0522;0.1477;0.668;409.0;0.081;0.959;621.0;0.94;608.0;0.0751;1304.59;788.6;0.69;0.06;14.32;3.92;0.24;0.62;2.41;22.5;0.33;0.25;1.0;0.0;0.0;0.0;0.0;1.0;79.2;87.4;83.4;85.0;89.17;236.56;325.73;445.83;0.731;325.73;1682.0
147;144.0;712.0;40.0;14.0;1.0;500.0;90.0;700.0;165500.0;335.5;1654.3;2.56;647.1;647.1;32.0;0.0;5227.6;1.6157;8.9759;560.0;2.8;12.0;2.0;226.2;2.0;165.0;0.24;9.6;83.9;2.0;67.12;0.0751;4.89;0.0583;0.1078;0.1078;0.143;3.97;3.42;891.0;894.42;827.0;630.0;0.143;1473.99;0.0839;0.2445;0.664;467.0;0.135;0.932;603.0;0.919;595.0;0.0991;1740.67;1052.2;0.85;0.14;22.22;2.45;0.35;0.7;1.71;30.32;0.45;0.36;1.0;0.0;0.0;0.0;0.0;1.0;80.1;88.3;84.3;85.9;89.66;558.88;648.55;448.31;1447.0;448.31;1987.0
148;145.0;713.0;40.0;16.0;1.0;500.0;90.0;700.0;165500.0;335.5;1654.3;2.5;661.5;661.5;32.0;0.0;6434.0;1.9452;10.8064;560.0;2.8;12.0;2.0;226.2;2.0;95.0;0.14;16.67;84.8;2.0;67.84;0.0796;4.91;0.0579;0.1285;0.1285;0.2457;3.97;3.42;1221.0;1224.42;827.0;0.0;0.0;2019.91;0.1089;0.3324;0.661;522.0;0.181;0.909;602.0;0.903;597.0;0.116;2151.88;1300.77;0.94;0.25;29.71;1.75;0.43;0.77;0.0;0.0;0.0;0.35;0.0;0.0;0.0;0.0;0.0;0.0;81.0;89.3;85.3;86.9;92.16;992.33;1084.49;460.82;2353.0;460.82;2650.0
149;146.0;714.0;40.0;18.0;1.0;500.0;90.0;700.0;165500.0;335.5;1654.3;2.55;650.0;650.0;32.0;0.0;6836.1;2.1034;11.6856;560.0;2.8;12.0;2.0;226.2;2.0;65.0;0.09;24.36;84.7;2.0;67.76;0.0733;4.91;0.0579;0.1391;0.1391;0.3595;3.97;3.42;1330.0;1333.42;827.0;0.0;0.0;2200.23;0.123;0.3744;0.661;552.0;0.208;0.896;583.0;0.895;582.0;0.1244;2226.67;1345.98;0.99;0.36;36.84;1.33;0.48;0.78;0.0;0.0;0.0;0.38;0.0;0.0;0.0;0.0;0.0;0.0;80.9;89.2;85.2;86.8;90.5;1425.03;1515.53;452.51;3349.0;452.51;2939.0
150;148.0;783.0;42.0;111.0;0.0;304.8;114.3;304.8;49355.0;118.8;914.4;3.56;257.2;257.2;15.9;0.0;989.7;1.2625;3.3668;441.4;1.75;6.4;2.0;63.3;0.0;90.0;0.3;1.78;18.29;0.0;17.86;0.0;1.86;0.098;0.3046;0.3046;0.0999;1.18;0.56;105.53;105.53;457.0;0.0;0.0;96.49;0.2616;0.2935;0.927;441.0;0.329;0.836;215.0;0.836;215.0;0.2545;93.88;102.67;1.03;0.1;18.42;3.0;0.3;0.98;0.0;0.0;0.0;0.16;0.0;1.0;0.0;0.0;0.0;0.0;14.5;19.3;15.3;16.9;20.05;52.42;72.47;100.23;0.723;72.47;1456.0
151;149.0;786.0;42.0;48.0;0.0;304.8;114.3;304.8;49355.0;118.8;1143.0;4.44;257.2;257.2;15.9;0.0;989.7;1.2625;3.3668;441.4;1.75;5.2;2.0;41.8;0.0;112.0;0.37;1.43;18.53;0.0;18.09;0.0;1.88;0.0978;0.3008;0.3008;0.079;1.18;0.65;86.98;86.98;572.0;0.0;0.0;99.42;0.2662;0.2384;0.926;441.0;0.325;0.838;215.0;0.838;215.0;0.2519;94.09;82.32;1.06;0.08;16.32;3.41;0.27;0.88;0.0;0.0;0.0;0.19;0.0;1.0;0.0;0.0;0.0;0.0;14.7;19.5;15.5;17.1;20.19;41.99;62.19;100.95;0.616;62.19;1399.0
152;150.0;803.0;43.0;55.0;1.0;375.0;375.0;750.0;281250.0;375.0;2112.5;3.23;655.0;655.0;29.9;0.0;7021.5;2.8586;2.8586;400.0;2.0;9.5;2.0;141.8;2.0;325.0;0.43;0.5;34.2;1.0;27.36;0.0816;3.04;0.089;0.3343;0.3343;0.0183;6.75;7.38;483.0;490.38;1056.0;430.0;0.0183;1020.34;0.1854;0.0819;0.863;253.0;0.245;0.878;575.0;0.806;528.0;0.2696;1483.37;702.19;0.69;0.02;7.77;7.33;0.13;0.61;4.48;12.58;0.31;0.3;1.0;1.0;1.0;0.0;1.0;0.0;30.4;36.0;32.0;33.6;236.48;122.86;359.33;1182.38;0.304;359.33;1344.0
153;151.0;806.0;43.0;53.0;1.0;375.0;375.0;750.0;281250.0;375.0;2112.5;3.23;655.0;655.0;29.9;0.0;7021.5;2.8586;2.8586;400.0;2.0;9.5;2.0;141.8;2.0;230.0;0.31;0.71;63.65;1.0;50.92;0.065;4.44;0.0697;0.1796;0.1796;0.0139;6.75;7.38;689.0;696.38;1056.0;430.0;0.0139;1455.51;0.1421;0.0617;0.745;354.0;0.213;0.893;585.0;0.879;576.0;0.158;1617.96;765.9;0.9;0.01;6.77;8.43;0.12;0.53;4.44;12.68;0.23;0.29;1.0;1.0;1.0;0.0;1.0;0.0;59.9;67.0;63.0;64.6;327.9;173.6;501.49;1639.48;0.306;501.49;1374.0
154;152.0;808.0;43.0;45.0;1.0;375.0;375.0;750.0;281250.0;375.0;2112.5;3.23;655.0;655.0;29.9;0.0;7021.5;2.8586;2.8586;400.0;2.0;9.5;2.0;141.8;2.0;270.0;0.36;0.6;82.65;1.0;66.12;0.0664;4.86;0.0588;0.1383;0.1383;0.0091;6.75;7.38;598.0;605.38;1056.0;430.0;0.0091;1263.28;0.095;0.0399;0.669;298.0;0.154;0.923;605.0;0.897;587.0;0.1241;1649.54;780.85;0.77;0.01;5.48;10.43;0.09;0.42;4.38;12.86;0.15;0.22;1.0;1.0;1.0;0.0;1.0;0.0;78.9;87.0;83.0;84.6;375.24;147.88;523.12;1876.18;0.279;523.12;1143.0
155;153.0;809.0;43.0;44.0;1.0;375.0;200.0;750.0;281250.0;375.0;2112.5;3.23;655.0;655.0;29.9;0.0;7021.5;2.8586;5.36;400.0;2.0;9.5;2.0;141.8;2.0;160.0;0.21;1.9;82.65;1.0;66.12;0.0664;4.86;0.0588;0.1383;0.1383;0.0288;6.75;7.38;721.0;728.38;1056.0;430.0;0.0288;1523.11;0.1145;0.0919;0.669;366.0;0.189;0.906;593.0;0.897;587.0;0.1241;1649.54;780.85;0.92;0.03;9.77;5.81;0.17;0.55;3.19;17.4;0.26;0.27;1.0;1.0;1.0;0.0;1.0;0.0;78.9;87.0;83.0;84.6;200.13;249.55;449.68;1000.63;0.449;449.68;1603.0
156;134.0;817.0;35.0;1.0;1.0;200.0;200.0;300.0;60000.0;150.0;875.0;3.37;260.0;260.0;28.0;0.0;1847.3;3.5524;3.5524;550.0;2.75;4.0;2.0;25.1;2.0;90.0;0.3;0.95;45.5;0.0;36.4;0.0;3.76;0.0826;0.4294;0.4294;0.0261;1.44;0.61;170.61;170.61;450.0;0.0;0.0;149.29;0.2427;0.1101;0.818;380.0;0.362;0.819;213.0;0.738;192.0;0.3167;194.83;222.66;0.77;0.03;9.29;6.11;0.16;0.69;0.0;0.0;0.0;0.01;0.0;1.0;0.0;0.0;0.0;0.0;41.7;47.9;43.9;45.5;58.26;49.37;107.63;291.28;0.369;107.63;1585.0
157;135.0;819.0;35.0;2.0;1.0;200.0;200.0;300.0;60000.0;150.0;875.0;3.37;260.0;260.0;28.0;0.0;1847.3;3.5524;3.5524;550.0;2.75;8.0;2.0;100.5;2.0;90.0;0.3;3.07;47.85;0.0;38.28;0.0;3.9;0.0815;0.4083;0.4083;0.0802;1.44;0.46;190.46;190.46;556.0;0.0;0.0;166.65;0.2576;0.1194;0.809;433.0;0.398;0.801;208.0;0.748;194.0;0.3052;197.46;225.67;0.84;0.08;16.46;3.39;0.27;0.44;0.0;0.0;0.0;0.01;0.0;1.0;0.0;0.0;0.0;0.0;44.1;50.4;46.4;48.0;59.82;159.73;219.55;299.09;0.734;219.55;0.867
158;31.0;820.0;16.0;25.0;1.0;655.0;155.0;820.0;207100.0;282.6;1925.0;2.68;719.4;719.4;28.0;0.0;3195.0;0.6781;2.8655;468.1;2.34;8.0;2.0;100.5;2.0;150.0;0.18;2.62;29.3;1.0;23.44;0.0857;2.71;0.0924;0.1083;0.1083;0.1116;4.97;4.6;657.1;657.1;1000.0;605.0;0.1116;1264.91;0.1274;0.2679;0.883;468.0;0.123;0.939;675.0;0.939;675.0;0.1017;1009.81;524.58;1253.0;0.11;19.52;2.82;0.31;0.85;2.4;22.62;0.6;0.02;1.0;1.0;0.0;1.0;1.0;0.0;25.5;30.8;26.8;28.4;98.76;291.68;390.44;493.81;0.791;390.44;1683.0
159;32.0;821.0;16.0;27.0;1.0;655.0;155.0;820.0;207100.0;282.6;1925.0;2.68;719.4;719.4;28.0;0.0;3195.0;0.6781;2.8655;468.1;2.34;8.0;2.0;100.5;2.0;200.0;0.24;1.96;29.83;1.0;23.86;0.0833;2.74;0.092;0.1064;0.1064;0.0822;4.97;5.22;571.22;571.22;875.0;605.0;0.0822;1099.6;0.1088;0.2285;0.881;468.0;0.121;0.94;676.0;0.94;676.0;0.1;1010.83;525.11;1.09;0.08;16.66;3.34;0.27;0.83;2.78;19.79;0.57;0.02;1.0;1.0;0.0;1.0;1.0;0.0;26.0;31.4;27.4;29.0;99.73;218.76;318.49;498.65;0.639;318.49;1794.0
160;147.0;874.0;41.0;17.0;1.0;300.0;300.0;450.0;135000.0;225.0;1000.0;2.5;400.0;400.0;29.0;0.0;2642.1;2.2017;2.2017;750.0;3.75;10.0;2.0;157.1;1.0;100.0;0.22;2.03;19.57;1.0;15.66;0.0;1.97;0.1004;0.8438;0.8438;0.1298;3.24;2.27;324.0;326.27;500.0;0.0;0.0;324.0;0.3449;0.1731;0.922;6.0;0.007;0.996;399.0;0.704;282.0;0.3838;360.53;360.53;0.9;0.13;21.11;2.59;0.34;0.52;0.0;0.0;0.0;0.63;0.0;1.0;0.0;0.0;0.0;0.0;15.8;20.6;16.6;18.2;85.03;243.79;328.82;425.14;0.773;328.82;0.985
