;PC1;PC2;PC3;PC4;PC5;PC6;PC7;PC8;PC9;PC10;PC11;PC12;PC13;PC14;PC15;PC16;PC17;PC18;PC19;PC20
1;0.03723147976715424;0.041238480977642177;-0.07543106069483756;0.012919125276709022;0.31137940697350674;0.2381883526167925;-0.18263233770765674;-0.11813398394093376;0.16146382097512602;-0.08426219897907064;0.2247811882287892;-0.012140421321134196;-0.019004060346110466;-0.09864869200212027;-0.04812025442037622;0.12460551569008525;-0.03497805498157275;0.0069226830467978995;0.029609670543460268;-0.013849623579529239
2;0.02884427429157843;0.035215411235293315;-0.07428728817299896;0.015865634178497866;0.27570089966533107;0.21320727183005764;-0.17314835822803953;-0.13477797568623345;0.23742691849402492;-0.14927918712663865;0.2545336076125787;-0.01992724844413828;0.07959470615464924;0.012661030175372845;-0.010277467592219073;0.016780766918830042;-0.10393763683838467;0.012805075493755553;0.10032125202055031;0.010503126635675132
3;0.052881174792361874;0.025407230051369495;-0.06707344911924634;-0.03697336089665683;0.24157296712488407;0.26218778717436664;-0.1689190463390025;-0.20954119188370615;0.1472712070904748;-0.1306808326757534;0.14808787353490993;-0.12988125081689333;-0.027046626351395178;0.013362202901204998;-0.05254499728248145;0.1132076799286758;-0.022179328781817564;-0.0222139935996545;-0.021277259720794126;-0.17715371202381572
4;-0.016477629778295477;0.0888416235286682;-0.1545333632536809;0.08017423132409884;0.034831051985703465;-0.0190852971444411;0.0025036136418329913;-0.24489991583915072;-0.03674354670335256;-0.10202467502201429;-0.15119667421078908;0.37283445903344603;-0.12926061065170377;0.0775832928573223;-0.1006540464584858;-0.0001802620813213529;0.2917422315251158;-0.07574903677023044;-0.053362658841055524;0.0458938915818197
5;0.0291317102142096;0.03421142339643368;-0.12439520066654186;0.05999425866076821;0.04065845313580213;-0.032983247767346485;0.16653590589133724;-0.09844592444981434;0.08222086802153776;-0.3514399244659685;0.13175590045957083;0.3037567410902464;0.008277078522403381;-0.05483544911599851;0.07884037082626238;0.1645159397206054;0.2883550278198829;-0.018142795416427826;0.26924044522001556;-0.03056806535462345
6;0.15990991113287895;0.09129892766485309;-0.028263798407842877;0.06967986755577517;-0.014910621948580949;-0.030724070675475123;0.0034398031773864336;-0.19430415271113666;0.06650395570692358;0.048525018600507314;-0.0803891746641815;0.08812123789773817;-0.032348274102272846;-0.04163501721566212;0.040193141977452815;-0.06756066115072637;-0.05153140691327299;-0.0008281360538686805;-0.007480780407440379;0.03661763341847507
7;-0.03780779961948453;-0.1550323893132774;0.14423964591064406;-0.016187261670778275;-0.028181148651750143;0.05976162363829457;0.011864141770579761;-0.044062670250352515;0.32027634410826167;0.08000816201759989;-0.10893735160892029;0.021433974823798975;-0.14234174690194612;0.11515086861549972;-0.1063981722562029;-0.018600824468440025;0.03603528399123718;-0.029752080423975074;0.05159584771970083;0.05912014718123077
8;0.1746594594084557;-0.0855219089602482;0.10855731173645156;-0.028853801566123605;-0.04884001274714256;0.004547324822213095;-0.016651777347502617;0.05128795298743952;-0.04660419078942307;-0.07019193759109696;0.061473899461711445;0.03777523664546499;0.0032147275449742538;0.02527879924581674;0.02864597019931349;-0.005276804590174227;0.0640226187167098;0.01711799168131724;0.04239625584539127;0.04354129758815124
15;0.17231806843133418;-0.0909434867760614;0.08171869631148605;-0.04263517063097144;-0.02730141591418886;0.01600925429491165;0.044216106862640325;-0.06522968790354905;0.08436237581714191;0.0024643661750169098;-0.05282893754603818;-0.024300076111375968;-0.12148559411269164;0.04279641221687841;-0.05885681179354098;-0.02383031835412873;-0.02014769777934801;-0.10076017300989425;-0.06885129513225097;0.001341468656955655
16;0.14102531356630538;-0.12894315631021103;0.11455403571315977;-0.060607774346877696;-0.04619267402260725;0.02825741736313503;-0.029150819747737165;0.1392458511183213;-0.05079293776815613;-0.09255741260448525;0.07120981036085638;0.01915233284221015;-0.043230745036062924;0.038009148715265006;0.025329296512720395;0.0158018745843021;0.1051595648122415;0.033068412997143304;0.03534201138822354;0.08668291760854861
22;0.1712085729659953;-0.05442442081476238;0.12160435420211772;-0.038525717662639694;0.026475697032086173;-0.0006555373390498831;-0.07916959793122755;0.03647613467534294;-0.1602272478442413;-0.05710203582902558;0.026926357758812747;0.09487174360239721;-0.023914338367639624;0.026404137752741516;0.03495709980268471;-0.023935997818842647;0.039361914110268195;0.06704595149365977;0.032573585475246164;-0.008591614498040787
23;0.036132437608141735;0.07578719182487245;0.08722446461906527;-0.024267968372591726;0.20586387725924737;0.0506854028074209;-0.19286910580631325;-0.05489884855520746;-0.3089894016456896;0.04980545311073101;-0.03391651495997486;0.14937427570090636;-0.14314722671937824;0.14844128946202761;-0.03641502592891914;-0.08978440787865227;0.006663052679173012;0.02933584713927944;-0.23872828032446253;-0.16907695263413067
25;0.17435463429251663;-0.08413918582085052;0.10653556600501968;-0.0286259360496005;-0.051942018991293304;0.009386940323858894;-0.008797242037407949;0.06508566393376404;-0.0507626336331424;-0.08751043440676409;0.06511164493439958;0.03388145677058671;0.006288739292333525;0.02484441356025468;0.019770358986445975;0.007846381524355045;0.05214502775882465;0.031265616405343075;0.023670853445277085;0.026732582087387387
26;0.17439143634575563;-0.08420301560354755;0.10666502322881198;-0.029640761777536308;-0.0498212526201375;0.00717532322671896;-0.0075850118517638565;0.065603752109594;-0.04927363099093482;-0.08568311050807784;0.06422107185817963;0.033058639062639075;0.005182659877059757;0.028558851377715327;0.020600552516305812;0.003378582413955805;0.05447592836175624;0.03812112544982475;0.028161404999953427;0.027086372937322745
28;0.0008040848681265863;-0.16694686471083248;0.0020260683711877422;-0.023002135056627897;-0.10718295717179645;-0.142109814438044;-0.04676245011058788;-0.01426739895649659;0.22683050421677525;-0.0292796473338367;-0.07232118734846196;-0.1007408060908363;0.04941547092590606;0.04005592954287037;0.11001195704657718;0.050822300375438695;0.005979306722542314;0.06286217391529667;0.3122938281732924;-0.11718604687773634
29;-0.011663713874095689;-0.023166046408819172;-0.01864269635915817;0.03837519755691249;0.035297409950310096;-0.04332812540064847;0.02305775987453565;-0.003974377202857482;0.002870420636154891;0.04561119054430046;-0.11730994699374667;0.08314951946847775;-0.055666009325956126;0.5249057084699338;0.4671920348723828;0.5865955205607523;-0.24914969225546607;-0.0799871827457085;0.06282683538424605;0.09651863064807563
30;0.16989685299649532;-0.09518606966358004;0.0009156215389644817;-0.09625467825156458;0.07156431443473157;-0.07308982268497231;-0.044747638253423636;-0.08545482349129285;-0.03302913178305206;-0.011026838310455672;-0.0805603896235931;0.023734082503487366;0.01094130037761272;-0.05648734276523029;0.04472910072211492;-0.0316771218284051;-0.007459906091379753;0.03834055846753955;0.058061105899924845;0.04168286238594896
32;-0.1076367361142905;-0.1416380924983468;-0.06497505003929302;-0.1538158709116989;0.09264460947037209;-0.17206784385232915;-0.06215981477310141;0.06907710648155627;0.004669381844732798;0.01819553248681138;-0.023272871552483664;0.12496234024090391;0.03507375253186515;-0.053511282019214665;-0.029952422317537128;-0.010618382259029044;0.044638066371639876;-0.0685923423862301;0.05755866585528889;-0.06053482619234352
33;0.12691617312531078;0.038065264923515;-0.18030243212001262;-0.08164358773677134;0.07745885105779553;-0.09337437631055413;-0.11670848144116332;0.0703967607204077;-0.16538923423395221;-0.08755041050005344;-0.05579052543176316;0.028055319631494616;-0.002697206758028422;-0.07699146924319346;0.09727585059859514;-0.03765835278437554;-0.004245910141172635;0.04750378035121745;0.005871940253797225;0.17971703828325955
34;0.013636054291669912;0.08205623508393499;-0.04509498029519665;-0.06440511654508557;0.088176010187446;0.3380946053329792;0.3522750611917424;0.0888996691744963;-0.0005354513621682322;-0.06694580067005065;-0.16889848250674877;-0.050978543438004426;0.034672132977202716;0.0636459186512179;0.14813057661338475;-0.12042067865006345;0.16078062645820865;0.034353559899194065;-0.023192477345292166;-0.01843389899008622
35;0.014953582297460149;0.07798740845315764;-0.046751129545601275;-0.058396716040792926;0.08492382685142538;0.33036334235347853;0.35680132357736905;0.09469764629692992;0.0033661421084944868;-0.06433062261154471;-0.17896145970713476;-0.04315344105011795;0.03579238824793407;0.05576442867188035;0.16479773368917985;-0.12481738814746379;0.18922737987505495;0.03552097006434729;-0.012102327883207462;-0.011739365075686445
44;0.1704353316643179;0.04032384680973441;-0.01131644304285923;-0.01265900848891587;0.06467123258718309;0.093380990647296;-0.04939990296848452;0.08364036337305145;0.042517080890302414;0.18857557848826828;-0.051965950405920495;0.04763283355318314;0.1589662473922923;-0.1142873272490901;0.03360138877055932;0.037246372216558375;0.05395285761912853;-0.06526369221470743;0.0987616187020521;0.08777729804988049
45;-0.015794165118241728;0.02426417218501205;-0.07344695314168655;-0.08803706606159654;0.18102137494438617;-0.17580696480172234;-0.019185228292544137;-0.12555927084132112;0.0745260208054392;0.14397534935230352;-0.017582698723037228;-0.16093127468578977;-0.05229347346977546;0.22420947906632033;0.08437775060106543;-0.3324664158489562;-0.0811017036304877;0.596703345290203;0.20851667865350623;0.14657068378734464
46;0.1701977989459947;0.03360291207075662;-0.042420077918996366;-0.03609602655629501;0.08440696618259397;0.047064288386520325;-0.048422245647177196;0.046897404906807355;0.04412548714205356;0.18849452909775746;-0.054444268042153236;0.04080140697442555;0.16520335537433029;-0.09378418929001334;0.03280123280807272;0.015928759947656995;0.04638297527994323;0.019387924713768708;0.16315606834794025;0.09662257464205387
47;0.13160592108165328;0.023130370791921807;0.07007391278150439;-0.019941595114626277;-0.07297987143034562;0.08206698374991288;-0.13587976899215135;0.1067297626102449;-0.05111118033052334;0.1262868792471141;0.2166163276329574;0.06975034796313043;0.050261734725394434;-0.04148366707782075;0.024522019693096583;0.04881720810677754;0.05260068933865958;0.16094461207403685;0.11645456002871735;0.18432552930743754
48;0.0639059512764332;-0.047332078745955984;0.2234770955456867;0.07772353015691669;-0.010786140187241304;0.10624137505053534;-0.19257597003284563;0.15111477923962188;-0.03428440746965405;0.0056056231329565005;-0.07241085653882792;-0.20345751308313997;-0.00023701516194186457;-0.05488395581024005;0.07035576900736737;0.021855200061248886;0.21620615981780122;-0.1874157261301273;0.2722995252199533;0.10624633747270787
49;-0.10821761302706458;0.049743710250689056;0.10613653054381088;0.09885501649808123;0.0661416298595324;0.07014906192259994;-0.10230254267464281;0.04712615957063455;-0.043472168559522094;0.10011943100237836;-0.21930189675988013;-0.371003074647368;0.004812342331277558;-0.08358655954925123;-0.0006091653912097539;0.012879901140667956;0.06958502560614133;-0.22999183324122474;0.2611200550780792;-0.05510064615592485
55;0.11355828808341428;0.06634964896344515;-0.21638684932511643;-0.059311065761337246;-0.013441541293674175;0.03947641434128721;-0.0446612852195076;0.18827032972854474;0.006225916395808151;0.04327838538497886;-0.021489901406497754;-0.10368196003091414;0.10960934129875247;0.09215990297901863;-0.14936653562293045;0.11007043361209266;0.04906541076021011;0.01944507097400697;-0.015310329497354155;-0.05959378429570235
60;-0.047093401421280615;-0.2054251034786181;-0.16929146756116042;-0.0065958004912690755;0.06756587768381564;-0.00020290451433025976;0.01932605230050153;0.04915309210675124;-0.023440386805295674;0.05226874706842402;0.003955841018321804;0.04074343864700765;0.00222838296300454;-0.030421205394464575;0.02142091251999543;-0.022699727470250054;0.0054275684287387466;-0.019398416637201352;-0.005902646269600936;0.040461662375343696
61;0.02255740005301124;-0.025347135182871502;-0.08143288630660984;0.07700753210713669;-0.11620856725579112;-0.14818242077729116;-0.20590335864298567;-0.034378980599294146;0.16845908058212755;0.13959620464642053;0.09741654652215656;-0.09176641021070006;0.16415293352086754;-0.20001960907080102;0.3609293195679215;0.05760354537365653;0.42806471036298777;-0.029799471570490985;-0.292718961568893;-0.15681326763741724
62;-0.04750709062801964;-0.20524239475491188;-0.16928373676193167;-0.007657219735800569;0.06823250841093169;0.000667143846457023;0.017822362926177004;0.04783032717915615;-0.02415156971420478;0.05200608998242186;0.006447150504118664;0.039435955431299366;0.0018753327021848558;-0.0290520651692489;0.017916490184358626;-0.021606517763040727;-0.00027702710302360267;-0.019809960208125955;-0.00803095483747969;0.039250319959451344
65;0.05701376423874557;0.026476376958808678;-0.07359100412782563;0.07501097904145725;-0.17158518389737454;-0.15430887062988627;-0.05453812484120286;-0.0010595115720525381;0.2846266958349323;0.031101433296216813;0.11021734478016275;-0.0953783244967466;-0.1771645700096802;0.25174966311421343;0.13123859122194662;-0.0811317062438612;0.3658749059925255;0.17763314935880647;-0.1513548358856465;-0.1770894963577813
66;-0.049569087813644705;-0.2029007631188033;-0.16548452942741848;-0.018171361021021272;0.06297561511169976;0.002205317943468237;0.02206682920290027;0.04130947997001862;-0.07257476431356696;-0.013238644093691791;-0.008635723718756424;0.019009915228791974;0.027667008468121448;-0.02022818243068611;0.009677705172819434;-0.014155250268563652;0.030131849466615138;-0.026533279912540324;0.09427266992677114;-0.024507236862546522
67;0.05231262068551416;0.203514340992455;0.17182730163256996;0.007948681705142487;-0.06359011293047383;0.005028151046688369;-0.0216546298503204;-0.04603996700129753;0.03972484910974153;-0.022501146109285306;-0.009102971578861708;-0.027583229267410577;-0.011573659123795665;0.020848418898341416;-0.017278393838119785;0.010269732323032313;-0.020281256377660054;0.02196097293366434;-0.03615421435234163;-0.007075116886979038
68;-0.06970354663147524;0.06950395349499708;0.10434058002773347;-0.2823494988249602;0.10628781411812736;-0.017243541739189457;-0.010630786325632285;0.10235928768101873;0.1606689116976691;-0.11434198096197763;-0.13268351991957467;0.0590841142342771;0.08200750084948827;-0.05044087455149544;0.11275316620912909;-0.028586484871993445;-0.0010859964102418063;0.024986131513496795;-0.05707744593074854;0.0008622844581551159
69;-0.07019139440208834;0.07005692337321405;0.1047020690651527;-0.28186437263186337;0.10232903487164711;-0.012551066512605326;-0.0133249924422659;0.1018623894951431;0.15841030882742355;-0.11900617416467436;-0.13155168339385703;0.06122996200772517;0.08490439008727127;-0.058800268926888985;0.11163860118559368;-0.019070017878847417;-0.006143117144419773;0.010272970277844132;-0.06716035793714961;0.0001025424540854955
70;0.11286690249947604;0.13293206704707747;-0.15623002966167826;-0.019249774892717793;-0.042680637632323055;-0.0031241283745017676;-0.053599429129676746;0.15582226494216425;0.10004167437064937;0.06735531018831452;-0.10960193942190198;0.05931425296792236;0.007485033213602015;0.11790608219131347;-0.2106997007990528;0.04127668840304049;0.007147396151796888;-0.01564134731099214;0.03985553334608609;-0.0669621100682701
71;0.17228028009458432;-0.09073627891275042;0.08049995181168337;-0.0427909286101747;-0.02814411004733762;0.015698593380595878;0.04613974284904167;-0.06668617802039262;0.0854555714575784;-0.0002754983667665814;-0.05223141464660291;-0.021509207668362455;-0.12300022935487404;0.04292232923609866;-0.05827022037887726;-0.024131171036477418;-0.01995473526478417;-0.1001998793295933;-0.07168269869128577;0.0021985298408571594
72;0.17613583305641065;-0.06848394969556686;0.07086188373775211;-0.06705324850197225;0.0037584116482977867;-0.04019992547089965;0.0584537522067159;-0.09329246245069517;-0.059071721681609984;-0.022597812127210903;-0.07432143259514983;0.03779173339538535;-0.033418760965300276;-0.0515313689301672;-0.008011716982918908;0.00798796540647743;-0.059319874395226235;-0.026789199418562185;0.039075670741519346;-0.13099697991495765
75;0.17071691906582775;-0.08652169757603569;-0.040521895208189856;-0.10133166450789767;0.020585960166697982;-0.056674183439282655;0.09458153020859648;-0.11654913616015453;0.004881216031856095;0.006812829553892924;0.009590003533268585;-0.13188845861482285;0.029264492611180935;-0.018508443894589305;0.025702673887207452;0.01639242359554364;-0.03559195683739804;-0.05054533841028612;-0.0522979279675474;-0.08752694566521585
76;0.17080752428845833;-0.0865739559270085;-0.039474309905726715;-0.10138082052843142;0.02144145437955684;-0.056399250166876455;0.09425299548786972;-0.11734438379284938;0.0036682562634947347;0.007090768650206105;0.008062545177844329;-0.13092528976212597;0.028924170774066667;-0.020033507198814755;0.025641956391577847;0.016721190541032015;-0.03649721020783389;-0.05005422697452282;-0.051067479818347666;-0.08769562441987086
79;0.16679515639170467;-0.05496264899542141;0.12758994077056024;-0.037509897551799;0.013560974316067974;-0.0038384617911592037;-0.06489596641826796;0.052262744477381065;-0.15766416714007747;-0.06990079300835264;0.04157823908510054;0.10563458330253134;-0.034573136881423966;0.055277701838652424;0.018881421652006094;-0.022174965353109824;0.033142579946342995;0.09840643731732691;0.048266386112107124;0.0005828957079063932
82;0.09422073254149446;-0.0023709279390724545;0.07151842532514288;0.20275076503864087;0.20312545839078258;-0.11446620593517393;0.12246119099574332;0.17719611583926842;0.08689245100989697;0.01405440389819972;0.1371189111756924;0.016843822650030787;-0.1055122945212085;-0.11177192648582804;0.12432215737234066;-0.020064772741973352;-0.07567886585636766;-0.05322842753865835;0.034543666851946556;0.024474270119529143
83;0.12757402856578132;0.12208958919891151;-0.061735488096247036;0.0718511188618538;0.042120035650267416;-0.1167124017589473;-0.0038067765048909806;0.07272532808297952;0.1094275974087324;0.08275511322030402;-0.07059798414170276;0.20611408390076916;-0.15280869155360677;-0.011975217471563495;-0.025294464844872973;-0.121382240405698;-0.04791617572261827;-0.11793651660842684;0.22938953260976971;-0.14988872872664372
85;0.16570171860200714;-0.07060733346859889;0.0028649233128599234;-0.10098283478839976;0.02379612949075834;-0.0851411351701313;0.09085820003515489;-0.13879723349927903;-0.08728773877989453;-0.027414222595776847;-0.05329950188180268;-0.0993116704124486;0.002744275700716954;-0.03656127975427867;0.010658638053570403;0.013857151539418952;-0.07407359566277306;-0.06911166266840302;-0.06397438927659099;-0.2264172976265013
86;-0.06510275337577155;0.09774701878885693;0.139263302721101;-0.24752195161571927;0.11749112613727157;-0.09356066501652306;0.028575519957082504;0.06527133977494372;0.045222552125048124;0.08363573624855847;0.16425128738505448;0.009592057325222607;0.005832043620844135;0.029841223663390804;-0.0003254817403257719;0.0641989083039288;0.006796939786525243;-0.0022677092124603407;-0.043445334828988595;-0.07144593346790826
87;0.12708541850280483;0.16882941888873373;-0.0896062901139027;-0.036864924304623355;-0.008643400446996182;-0.08277340348319454;0.013633209507031391;-0.020908587707596613;0.023456161218911892;0.01166885191230827;-0.0002769866730190293;-0.005453046809465838;0.002601816666877931;-0.03595015678715135;0.013092474105705035;0.0072868343555216875;-0.006147285177621878;-0.051715987124336;-0.06477836648371155;0.21550770618029247
88;0.047034441642273654;0.20545359332144378;0.16927662976057684;0.006488638736072286;-0.0675336425691771;0.0004162415325658647;-0.01929130957796928;-0.04883324127670706;0.02343206795420619;-0.05259457830120467;-0.0040458282306792895;-0.040502295498457394;-0.0020121941886388495;0.030894605494101463;-0.021439183755710724;0.022425338869296804;-0.0054863569955238105;0.019590627403253527;0.005000642039467283;-0.040364687013576296
89;0.02594459931070034;0.07760035848443089;-0.013964310819382203;0.017487507027156613;0.07779645840018316;0.16510294937858278;0.37190096070030904;-0.011702115670206435;-0.18413600867473062;0.22048800688694614;0.269785710874945;-0.13506184396469692;-0.10273704556326113;0.16345985407066208;-0.00907160103467541;0.009982202142718458;0.17680701677425442;-0.015173078455872163;0.06225315949936153;-0.05129969569305132
90;-0.09158053510401039;0.02522003503132492;0.06752982140645523;-0.2303988107195355;0.14927210707188343;-0.1643680262836924;0.04551902179435816;0.07998021946369507;-0.0792473920831382;0.15813696941507407;0.25281406113774474;-0.00859245791254816;-0.11988015972589923;0.07084530774405502;-0.1018827125567989;0.08161142937490537;0.128050303036314;-0.12697210393088146;0.02516486094956702;-0.02421653784310123
91;0.09162873630728482;-0.025257823526331304;-0.06704609630627688;0.23047310585878278;-0.14964708035763935;0.1647055904712443;-0.045573786486235966;-0.07998068354402667;0.07880146801837828;-0.15915239083041052;-0.2519614412894752;0.008462361899236624;0.12072906098417208;-0.07033701594524468;0.09959276329071402;-0.08189763665152082;-0.12846783628150693;0.12710226310499348;-0.023243557944667925;0.023949612761423107
92;0.17674448614407945;-0.08483051906111606;0.0974074913931398;-0.013474285822742215;-0.056730101542633346;0.01985706841149636;-0.007283580479299589;0.057982311006728474;-0.04302524389407359;-0.09506377800911349;0.045751098446640506;0.03733759939336201;0.016590111688221706;0.015111787109067968;0.028832145485125797;-0.0019035242974606182;0.03787660366323613;0.033677955028405454;0.02562743993350893;0.019246820349392797
93;0.09959546877745634;-0.017193226526186673;-0.06032503689486234;0.2953899698869191;-0.12701208918073895;0.07143573103223072;-0.0006899226224882254;-0.11829198855006358;-0.1018463475671076;0.07117073099629975;0.10085561714698991;-0.07124601548312842;-0.027979670075135618;0.03807046661511696;-0.05837827400832483;0.029355607806189045;-0.05760269938994421;0.054644143201257434;0.03185032259782988;-0.022699374553335643
94;0.17776378471808732;-0.08380188533538027;0.09477199750153223;-0.003804947006051082;-0.05698860730115539;0.011927045229312785;-0.0004432667034314304;0.051515693592282176;-0.05848375869844356;-0.07808790600858845;0.07432177798994806;0.028513085810339997;0.0032688358161958343;0.025644899168727114;0.014165994442069282;0.0055147403847994655;0.041151521662077355;0.026674250988180645;0.027895645335318377;0.011372395522951044
95;-0.07704747286283258;0.08421933269752918;0.11648493398067214;-0.2800274917989871;0.10305850504633679;-0.060770468847183054;-0.00823621167933804;0.10048118436286031;0.10671663068680746;-0.07886332966522065;-0.09980074786284772;0.02594141267635941;-0.002110490152965369;-0.015180327893470812;0.04464253575810054;-0.017181188378067078;0.04789899923943949;-0.02250130538948354;-0.022845955751704915;0.04134447860599722
96;0.173629652072404;-0.07826191645774133;0.006478401497958199;-0.09479409146578165;0.036524960954773894;-0.0633617027775895;0.05318549830632074;-0.10688071639268365;-0.08959542024613897;-0.03304340448591932;-0.07774620795777609;-0.04219074484318358;0.012612827841809601;-0.05824554257643297;0.02296389314356244;0.0002680371369244011;-0.05922519989624858;-0.024011866496188753;-0.007231450124813479;-0.14323160352863284
97;0.17271683333330098;-0.10116254963100364;-0.04490517577173074;-0.09524652615348571;0.026295525870753914;-0.023318529359163884;0.047103040307107026;-0.07478166417806814;0.023743826771810066;-0.023282935419587113;-0.0596331754129648;-0.08113180684290226;0.022853778825815227;-0.04521507738097856;0.03481265225181546;-0.010118235959355262;-0.019372956021396597;-0.0015911872160506572;-0.0031581902763876957;0.01734976524038071
98;0.02166153099823773;0.01789433737203057;0.009927857842606167;0.06621549137687711;-0.03625170429033339;-0.0635782828212381;0.01041219385708493;-0.024672633309130505;0.09074875156245274;-0.003465316500464038;0.24432617660054892;0.07197601994099156;0.4484860116836241;0.3733461841904737;0.13224001206105127;-0.4717371610117236;-0.15225388473748175;-0.45717012742748003;-0.041039937982109496;0.061888553796055894
100;0.11273867984753047;0.1335825138988485;-0.1562755627356387;-0.020080360946141386;-0.04241257553026811;-0.002930341184208227;-0.05255228123481481;0.1539437185198038;0.10153882177174031;0.06694931746640174;-0.10885217696619826;0.0569807050624256;0.008256947464844878;0.11532370557770018;-0.2108764449134482;0.04178533177421671;0.006139433714432832;-0.018175217876843175;0.03680217731915427;-0.06473363230439022
101;0.12330150251209289;0.15370385632447314;-0.13847816338685667;-0.02216155801227989;-0.031064741338710632;-0.0021717253077385814;-0.027597192403052376;0.12228537688608357;0.07389206806692981;0.06847819153191892;-0.05579972898561956;0.05803430980035871;0.040166788912685096;0.05480975313777222;-0.11827453038003122;0.03242469095183973;-0.024558859889821583;0.01568553527943137;0.002437641874046331;-0.018638150323927006
102;-0.1112811195005081;-0.18236396523074375;0.05914672381621896;0.024646267559995848;-0.010102570460728226;0.005815826306697648;-0.052623000218603555;-0.03730643231661873;0.025023706405179286;-0.050153435840753;-0.0875812051376535;-0.02513166798025516;-0.12022128219042547;0.10076788318908989;-0.10144565707930843;-0.016126880996440753;0.10990213101002601;-0.10107952929325066;0.08812920486031123;-0.03814088162743844
103;0.13100481070759276;0.15994192706235663;-0.09167461471216695;-0.032011141648825264;-0.022639935079461312;-0.007466960087221648;0.022189405952767492;0.023217276066481086;0.021678753743462512;0.06991224297356144;0.04680152433265705;0.046763356331527804;0.127076909173547;-0.08137567943538714;0.06727482369686758;0.03877104230855626;-0.05165345636028354;0.08282094857747775;-0.07973113292063796;0.10721507649973819
104;0.07782225705906387;0.17867663749686222;-0.059610550570700506;-0.04718526097739938;0.04807800724278056;-0.14459109768022907;0.00222119410941373;-0.1213183462593298;-0.009136346959653386;-0.09980365812490978;0.017794042667939235;-0.1218495134958639;-0.12443599048956488;0.008952563661880797;-0.0008445327474352338;-0.04365272888776149;0.06921536875711776;-0.15533127493623264;0.0278095726405308;0.29460129896537635
105;-0.00016391404636998308;-0.04737470301980725;0.06165375538629688;0.2017011082238024;0.2219806413438679;-0.20272022960374497;0.11010752903145857;0.09020025765757782;0.10877714622862553;-0.12093299376265801;-0.11781394770113184;-0.16107114625375446;-0.025656696991929934;-0.03887187426331473;-0.09356874673718611;0.13516970996818145;-0.060983813482965527;0.040899326069885354;-0.25185234350661584;0.09968071981085032
106;0.12684667416324688;0.07409241578836771;0.02411497311968932;0.16457544623451634;0.14598961584504236;-0.07855400085545047;0.041153565747559434;0.1514698884653851;0.06664494327318018;0.12083623220569123;0.002433156222386488;0.19274345967999976;-0.13872584711206182;-0.07586882430642818;0.06554314880028479;-0.11091056659426805;-0.039812905553367375;-0.09259252387757153;0.10161336173379648;-0.14041618721618151
107;0.10305405545240454;0.10317562050897529;0.0030494626810516935;0.1210898157730345;0.1665747893535638;-0.2222703020908604;0.10818124518716771;-0.04750655571973436;0.05375060437053489;-0.07428737368903562;-0.09821831128205104;-0.02921308696397469;-0.15397339125087225;-0.12490226263075092;0.04005536900863871;-0.04476640680591708;-0.0226615385376506;-0.17519329896673508;-0.07084484412432471;0.14845934988151543
108;0.014731694598606009;0.08098747313854943;0.0422897840941392;0.020385318357535587;-0.08656099452409843;0.04627390774170583;0.23056379853220998;-0.035937280303044924;0.16467874491843087;0.3838157080917275;0.11218814584720636;0.08953022540652214;-0.13972362977843583;-0.3130505469794035;0.1253111809622807;0.11839998429290224;-0.12648568731984733;0.009895009503575032;-0.00975340075009612;0.09383045346061035
110;0.05455800308249193;-0.023863516535948162;0.07569046552421127;0.2557031488343464;0.2706432346325599;-0.0824130954619251;0.004793184257648053;0.20119705796279427;-0.01031564337217437;-0.037571106844221325;-0.031850602621887956;-0.04476830245464957;0.05869064088877429;0.051730056586764925;0.007213848426237526;-0.02248325793915157;0.027736423413522393;0.08640994588402888;-0.07227522593613112;-0.11112222466747018
111;-0.054966718645358306;-0.051251567166827376;0.18869422671118274;0.02912341152177035;0.0800863531347231;-0.11361412280436094;0.14061095284867614;-0.25835627253074733;0.10218362721609124;0.1435684948327305;-0.06521022521233488;0.14572017436300644;0.10508329496562557;0.005829446860797408;-0.08464379315007346;-0.05776322620430323;0.037575396100457736;0.04474385860144956;0.2951403695786826;-0.22235696121186008
112;0.04671247091730343;-0.0022845783411516133;0.10241271576179799;0.1425040800344056;0.2971272898021429;0.004335250032544971;-0.1334178298319536;-0.0821355998323462;-0.11191077930100242;0.22742413467321113;-0.19541616927450067;0.04196154839704702;0.1473324628392903;0.08068595567206817;0.04708012152799021;0.020726171832402024;0.15799933220678541;0.024539262313441813;-0.08625329445624061;-0.0031788681242250413
113;-0.01211146667454397;-0.05026768884573509;0.05001651629607648;0.14122660645987115;-0.03653513362519619;-0.15809084325671874;0.26293999879054547;0.22725887016862575;0.13015743259288112;-0.28433460748057665;0.1848829963759287;-0.06003260884246679;0.12753793637000543;-0.021774483713414318;-0.21069262469188174;0.07422994028574269;-0.06635156159696393;0.12037719274678371;0.005182684762420023;-0.00431246860822336
114;0.03604231173035391;-0.03837424303832649;0.1341380247645887;0.23821173713724034;0.2584129701937697;-0.10964733666324492;0.06143358372233859;0.08488813599274116;-0.013541299378757525;0.013244077436333178;-0.054163557450981184;-0.0030060687677296374;0.23298461245451785;0.06164040978999248;-0.10655374137265902;0.0732945006762854;0.10363474089830232;0.11016730180346351;-0.07891871533642711;-0.006150372718187613
115;0.044094256531255135;0.035476074148531184;-0.1426116506766345;0.03883724992176178;0.025887924819207916;0.06710202143229464;-0.13725601289392345;0.27893740448907;0.007955296825802212;-0.12256195589076688;0.054484242343915315;-0.10053528949268209;-0.42297097488732815;-0.02471801303074704;0.2754592258581968;-0.23167495212349865;-0.18421765481976546;-0.058735749070005644;0.017088827383901155;-0.25272081311738726
117;-0.047092255459664355;-0.20541068192025783;-0.16929084891380786;-0.006637967056377819;0.06763778404677792;-9.170721681695828e-05;0.01922744399222541;0.04924282724680437;-0.023554394140539496;0.0522407600898061;0.004082839729054481;0.04085169171059989;0.0023401677009201646;-0.030615427418313617;0.021551316997243823;-0.02281693461667325;0.005509474187988615;-0.01927193961310649;-0.00588655540247747;0.040503985459281244
118;-0.04707893625471932;-0.2054186764434275;-0.16930188786232706;-0.006583630232660142;0.06757309206779973;-0.0001763917383823851;0.019298809020878435;0.049259568504617754;-0.02353857074710513;0.05232145997543286;0.003972509712534991;0.04068527908968132;0.0022591250998845354;-0.030444750762779693;0.02148125740383425;-0.022577414570393275;0.005346586750634156;-0.019228049398561122;-0.006060556767363896;0.040452161065639924
119;-0.047078936254719365;-0.20541867644342748;-0.16930188786232708;-0.006583630232660135;0.06757309206779967;-0.00017639173838234878;0.019298809020878372;0.049259568504617705;-0.023538570747105098;0.05232145997543285;0.003972509712534992;0.040685279089681364;0.002259125099884471;-0.030444750762779686;0.021481257403834234;-0.022577414570393382;0.005346586750634236;-0.019228049398561268;-0.0060605567673638824;0.04045216106563988
120;-0.04707893625471935;-0.20541867644342746;-0.16930188786232714;-0.006583630232660165;0.06757309206779966;-0.00017639173838238044;0.019298809020878445;0.04925956850461777;-0.023538570747105105;0.052321459975432895;0.003972509712535044;0.04068527908968131;0.0022591250998845354;-0.030444750762779818;0.021481257403834338;-0.022577414570393195;0.005346586750634159;-0.019228049398561042;-0.006060556767363848;0.04045216106563999
121;0.059364693760158016;-0.18802983018220606;0.08661067548721725;-0.00023141800782962987;0.015518644382453125;0.13674248595243255;-0.030754551054749297;0.020967829366144962;0.19989742513655162;0.08555401340525415;-0.02250723263889864;0.03726410248712664;-0.1497189755864287;0.09623347842260341;-0.1305475882952457;-0.04439832281158197;0.04752834685940384;-0.04976427749943417;-0.14932878211367942;0.21477686449439473
122;0.17220628822855344;-0.024834805392277132;-0.09645686671939432;-0.10920412349621265;-0.004332648270710861;-0.0434529908790259;0.08158065091788372;-0.038242288163045715;0.006984786407467048;0.043593925903311716;-0.008520838560733407;-0.11202898146299113;0.1211677712402853;0.0030348788723944062;-0.060624153062509595;0.09958058927670026;-0.049132927178346796;-0.01540122403827074;-0.035272637057806235;-0.20010416596908231
123;0.17239280170077473;-0.08390852337258585;-0.05712706894429467;-0.09701355114402697;0.0012592549938645024;0.006417365440725143;0.06229813340883351;-0.027046442142572152;0.07196757138397508;0.06684355479223295;-0.014968630122732932;-0.08718373034021894;0.05829384868042586;0.03435608279957665;-0.09676498376041172;0.07378526555468377;-0.02797921969494504;-0.030043573292886608;-0.08044344031565359;-0.10696633879657398
124;0.05936435419955656;-0.18803084169747325;0.08660828835351013;-0.0002313003348922602;0.015515928528935262;0.13674104153844485;-0.03075126659959994;0.020968650248397665;0.1998968514483566;0.08555347492348;-0.02251150567674355;0.03726358812328334;-0.14972315580054502;0.0962387252585585;-0.13054922291817297;-0.044400168684512714;0.047529931879863145;-0.04976619610196445;-0.14933056945461212;0.21477012582460112
125;0.11669342423528992;0.08225956578790732;-0.18844667446102598;-0.05055610185456169;-0.04290389227294681;-0.008779784284987248;-0.06607293341959797;0.20370284431729827;0.0485192743933596;0.043146647489810425;-0.09350236959272862;-0.037982544176402414;0.02441706022128836;0.13511612148367103;-0.21448315033979978;0.07299788638736886;0.039437750698953764;-0.03268551700810012;0.06216030385256744;-0.056070073647982166
126;0.15786479450281563;-0.13305808293167654;0.03378259444602818;-0.05764150319907031;0.029665027404161368;0.0627296720943237;0.051118954750267294;-0.03533394133518275;0.10869962225710991;0.07393976949127115;0.03237711494639216;0.04835215044112402;-0.007221990264909092;-0.017175660255990887;0.0227968642809268;-0.036947659599033296;-0.057413089443684666;0.022636508962207966;-0.0620555360606342;0.0716029040011693
127;0.05933766777777293;0.074250076628227;-0.180800960657897;-0.03648124083744592;0.07111209623737041;-0.18956516841580515;0.03046050024453694;-0.1631427085473386;-0.09074453602968922;-0.10506201578349679;0.01468356177399251;-0.31841758561414146;-0.08973403920326264;0.06096002425599959;-0.04228729208048346;-0.015549476326811133;0.16594297978356307;-0.10861437490077158;0.14324605933986737;0.2545677467263345
